Workbook

Sheet Dashboard
A1: ✈ FLIGHT SCHEDULE
A3: Origin: | B3: DEL | C3: =IFERROR(INDEX(Lists!$B:$B,MATCH($B3,Lists!$A:$A,0)),"") -> Delhi | E3: Destination: | G3: CJB | H3: =IFERROR(INDEX(Lists!$B:$B,MATCH($G3,Lists!$A:$A,0)),"") -> Coimbatore
A4: =IFERROR("Rates: IndiGo eff. "&TEXT('Flight Rates'!$X$4,"dd-mmm-yy")&" | Air India eff. "&TEXT('Flight Rates'!$X$6,"dd-mmm-yy")&" | Linked "&TEXT('Flight Rates'!$X$2,"dd-mmm-yy"),"Rates not linked yet - run link_rates.py") -> Rates: IndiGo eff. 16-Aug-26 | Air India eff. 20-Aug-26 | Linked 29-Sep-26
A5: ROUTE | E5: WEEKLY FLIGHTS | G5: FLIGHT COUNT | I5: STATUS
A6: =C3&" ("&$B$3&") → "&H3&" ("&$G$3&")" -> Delhi (DEL) → Coimbatore (CJB) | E6: =SUMIFS('Raw Data'!$N$2:$N$1680,'Raw Data'!$A$2:$A$1680,$B$3,'Raw Data'!$B$2:$B$1680,$G$3) -> 24 | G6: =COUNT('Raw Data'!$O$2:$O$1680) -> 4 | I6: =IF($B$3=$G$3,"SAME CITY",IF(E6=0,"NO SERVICE","ACTIVE")) -> ACTIVE
A8: =IF($I$6="SAME CITY","⚠ Please select two different cities as Origin and Destination.",IF($I$6="NO SERVICE","✈ No nonstop flights currently operate on this route. Please try a different Origin / Destination combination.",""))
A10: AIRLINE | B10: FLT NO. | C10: PRODUCT | D10: ETD | E10: CPKG (₹/kg)
E11: 45+ kg | F11: 100+ kg
A12: =IF($X12="","",INDEX('Raw Data'!$D:$D,$X12)) -> INDIGO | B12: =IF($X12="","",INDEX('Raw Data'!$E:$E,$X12)) -> 6E6804 | C12: =IF($X12="","",IF($Y12="","Not linked",IF(INDEX('Flight Rates'!$G:$G,$Y12)<>"",INDEX('Flight Rates'!$G:$G,$Y12),IF($Z12="NO TARIFF LOADED","No tariff","No rate")))) -> GCR | D12: =IF($X12="","",INDEX('Raw Data'!$F:$F,$X12)) -> 05:10 | E12: =IF($Y12="","",IF(INDEX('Flight Rates'!$K:$K,$Y12)="","",INDEX('Flight Rates'!$K:$K,$Y12)+N($T12)+N($U12))) -> 92 | F12: =IF($Y12="","",IF(INDEX('Flight Rates'!$L:$L,$Y12)="","",INDEX('Flight Rates'!$L:$L,$Y12)+N($T12)+N($U12))) -> 90 | T12: =IF($Y12="","",N(INDEX('Flight Rates'!$S:$S,$Y12))) -> 4 | U12: =IF(OR($Y12="",$C12="No tariff",$C12="No rate"),"",IFERROR(N(INDEX('Add-on Rates'!$C:$C,MATCH($A12,'Add-on Rates'!$A:$A,0))),0)) -> 18 | X12: =IFERROR(SMALL('Raw Data'!$O$2:$O$1680,1),"") -> 325 | Y12: =IF($X12="","",IFERROR(MATCH($B$3&"|"&$G$3&"|"&$B12&"|"&$D12,'Flight Rates'!$A:$A,0),"")) -> 300 | Z12: =IF($Y12="","",INDEX('Flight Rates'!$P:$P,$Y12)) -> OK
A13: =IF($X13="","",INDEX('Raw Data'!$D:$D,$X13)) -> INDIGO | B13: =IF($X13="","",INDEX('Raw Data'!$E:$E,$X13)) -> 6E232 | C13: =IF($X13="","",IF($Y13="","Not linked",IF(INDEX('Flight Rates'!$G:$G,$Y13)<>"",INDEX('Flight Rates'!$G:$G,$Y13),IF($Z13="NO TARIFF LOADED","No tariff","No rate")))) -> GCR | D13: =IF($X13="","",INDEX('Raw Data'!$F:$F,$X13)) -> 18:30 | E13: =IF($Y13="","",IF(INDEX('Flight Rates'!$K:$K,$Y13)="","",INDEX('Flight Rates'!$K:$K,$Y13)+N($T13)+N($U13))) -> 92 | F13: =IF($Y13="","",IF(INDEX('Flight Rates'!$L:$L,$Y13)="","",INDEX('Flight Rates'!$L:$L,$Y13)+N($T13)+N($U13))) -> 90 | T13: =IF($Y13="","",N(INDEX('Flight Rates'!$S:$S,$Y13))) -> 4 | U13: =IF(OR($Y13="",$C13="No tariff",$C13="No rate"),"",IFERROR(N(INDEX('Add-on Rates'!$C:$C,MATCH($A13,'Add-on Rates'!$A:$A,0))),0)) -> 18 | X13: =IFERROR(SMALL('Raw Data'!$O$2:$O$1680,2),"") -> 326 | Y13: =IF($X13="","",IFERROR(MATCH($B$3&"|"&$G$3&"|"&$B13&"|"&$D13,'Flight Rates'!$A:$A,0),"")) -> 301 | Z13: =IF($Y13="","",INDEX('Flight Rates'!$P:$P,$Y13)) -> OK
A14: =IF($X14="","",INDEX('Raw Data'!$D:$D,$X14)) -> AIRINDIA | B14: =IF($X14="","",INDEX('Raw Data'!$E:$E,$X14)) -> AI1721 | C14: =IF($X14="","",IF($Y14="","Not linked",IF(INDEX('Flight Rates'!$G:$G,$Y14)<>"",INDEX('Flight Rates'!$G:$G,$Y14),IF($Z14="NO TARIFF LOADED","No tariff","No rate")))) -> PRIME | D14: =IF($X14="","",INDEX('Raw Data'!$F:$F,$X14)) -> 11:30 | E14: =IF($Y14="","",IF(INDEX('Flight Rates'!$K:$K,$Y14)="","",INDEX('Flight Rates'!$K:$K,$Y14)+N($T14)+N($U14))) -> 102 | F14: =IF($Y14="","",IF(INDEX('Flight Rates'!$L:$L,$Y14)="","",INDEX('Flight Rates'!$L:$L,$Y14)+N($T14)+N($U14))) -> 92 | T14: =IF($Y14="","",N(INDEX('Flight Rates'!$S:$S,$Y14))) -> 15 | U14: =IF(OR($Y14="",$C14="No tariff",$C14="No rate"),"",IFERROR(N(INDEX('Add-on Rates'!$C:$C,MATCH($A14,'Add-on Rates'!$A:$A,0))),0)) -> 12 | X14: =IFERROR(SMALL('Raw Data'!$O$2:$O$1680,3),"") -> 327 | Y14: =IF($X14="","",IFERROR(MATCH($B$3&"|"&$G$3&"|"&$B14&"|"&$D14,'Flight Rates'!$A:$A,0),"")) -> 302 | Z14: =IF($Y14="","",INDEX('Flight Rates'!$P:$P,$Y14)) -> OK
A15: =IF($X15="","",INDEX('Raw Data'!$D:$D,$X15)) -> AIRINDIA | B15: =IF($X15="","",INDEX('Raw Data'!$E:$E,$X15)) -> AI1753 | C15: =IF($X15="","",IF($Y15="","Not linked",IF(INDEX('Flight Rates'!$G:$G,$Y15)<>"",INDEX('Flight Rates'!$G:$G,$Y15),IF($Z15="NO TARIFF LOADED","No tariff","No rate")))) -> PRIME | D15: =IF($X15="","",INDEX('Raw Data'!$F:$F,$X15)) -> 15:00 | E15: =IF($Y15="","",IF(INDEX('Flight Rates'!$K:$K,$Y15)="","",INDEX('Flight Rates'!$K:$K,$Y15)+N($T15)+N($U15))) -> 102 | F15: =IF($Y15="","",IF(INDEX('Flight Rates'!$L:$L,$Y15)="","",INDEX('Flight Rates'!$L:$L,$Y15)+N($T15)+N($U15))) -> 92 | T15: =IF($Y15="","",N(INDEX('Flight Rates'!$S:$S,$Y15))) -> 15 | U15: =IF(OR($Y15="",$C15="No tariff",$C15="No rate"),"",IFERROR(N(INDEX('Add-on Rates'!$C:$C,MATCH($A15,'Add-on Rates'!$A:$A,0))),0)) -> 12 | X15: =IFERROR(SMALL('Raw Data'!$O$2:$O$1680,4),"") -> 328 | Y15: =IF($X15="","",IFERROR(MATCH($B$3&"|"&$G$3&"|"&$B15&"|"&$D15,'Flight Rates'!$A:$A,0),"")) -> 303 | Z15: =IF($Y15="","",INDEX('Flight Rates'!$P:$P,$Y15)) -> OK
A16: =IF($X16="","",INDEX('Raw Data'!$D:$D,$X16)) | B16: =IF($X16="","",INDEX('Raw Data'!$E:$E,$X16)) | C16: =IF($X16="","",IF($Y16="","Not linked",IF(INDEX('Flight Rates'!$G:$G,$Y16)<>"",INDEX('Flight Rates'!$G:$G,$Y16),IF($Z16="NO TARIFF LOADED","No tariff","No rate")))) | D16: =IF($X16="","",INDEX('Raw Data'!$F:$F,$X16)) | E16: =IF($Y16="","",IF(INDEX('Flight Rates'!$K:$K,$Y16)="","",INDEX('Flight Rates'!$K:$K,$Y16)+N($T16)+N($U16))) | F16: =IF($Y16="","",IF(INDEX('Flight Rates'!$L:$L,$Y16)="","",INDEX('Flight Rates'!$L:$L,$Y16)+N($T16)+N($U16))) | T16: =IF($Y16="","",N(INDEX('Flight Rates'!$S:$S,$Y16))) | U16: =IF(OR($Y16="",$C16="No tariff",$C16="No rate"),"",IFERROR(N(INDEX('Add-on Rates'!$C:$C,MATCH($A16,'Add-on Rates'!$A:$A,0))),0)) | X16: =IFERROR(SMALL('Raw Data'!$O$2:$O$1680,5),"") | Y16: =IF($X16="","",IFERROR(MATCH($B$3&"|"&$G$3&"|"&$B16&"|"&$D16,'Flight Rates'!$A:$A,0),"")) | Z16: =IF($Y16="","",INDEX('Flight Rates'!$P:$P,$Y16))
A17: =IF($X17="","",INDEX('Raw Data'!$D:$D,$X17)) | B17: =IF($X17="","",INDEX('Raw Data'!$E:$E,$X17)) | C17: =IF($X17="","",IF($Y17="","Not linked",IF(INDEX('Flight Rates'!$G:$G,$Y17)<>"",INDEX('Flight Rates'!$G:$G,$Y17),IF($Z17="NO TARIFF LOADED","No tariff","No rate")))) | D17: =IF($X17="","",INDEX('Raw Data'!$F:$F,$X17)) | E17: =IF($Y17="","",IF(INDEX('Flight Rates'!$K:$K,$Y17)="","",INDEX('Flight Rates'!$K:$K,$Y17)+N($T17)+N($U17))) | F17: =IF($Y17="","",IF(INDEX('Flight Rates'!$L:$L,$Y17)="","",INDEX('Flight Rates'!$L:$L,$Y17)+N($T17)+N($U17))) | T17: =IF($Y17="","",N(INDEX('Flight Rates'!$S:$S,$Y17))) | U17: =IF(OR($Y17="",$C17="No tariff",$C17="No rate"),"",IFERROR(N(INDEX('Add-on Rates'!$C:$C,MATCH($A17,'Add-on Rates'!$A:$A,0))),0)) | X17: =IFERROR(SMALL('Raw Data'!$O$2:$O$1680,6),"") | Y17: =IF($X17="","",IFERROR(MATCH($B$3&"|"&$G$3&"|"&$B17&"|"&$D17,'Flight Rates'!$A:$A,0),"")) | Z17: =IF($Y17="","",INDEX('Flight Rates'!$P:$P,$Y17))
A18: =IF($X18="","",INDEX('Raw Data'!$D:$D,$X18)) | B18: =IF($X18="","",INDEX('Raw Data'!$E:$E,$X18)) | C18: =IF($X18="","",IF($Y18="","Not linked",IF(INDEX('Flight Rates'!$G:$G,$Y18)<>"",INDEX('Flight Rates'!$G:$G,$Y18),IF($Z18="NO TARIFF LOADED","No tariff","No rate")))) | D18: =IF($X18="","",INDEX('Raw Data'!$F:$F,$X18)) | E18: =IF($Y18="","",IF(INDEX('Flight Rates'!$K:$K,$Y18)="","",INDEX('Flight Rates'!$K:$K,$Y18)+N($T18)+N($U18))) | F18: =IF($Y18="","",IF(INDEX('Flight Rates'!$L:$L,$Y18)="","",INDEX('Flight Rates'!$L:$L,$Y18)+N($T18)+N($U18))) | T18: =IF($Y18="","",N(INDEX('Flight Rates'!$S:$S,$Y18))) | U18: =IF(OR($Y18="",$C18="No tariff",$C18="No rate"),"",IFERROR(N(INDEX('Add-on Rates'!$C:$C,MATCH($A18,'Add-on Rates'!$A:$A,0))),0)) | X18: =IFERROR(SMALL('Raw Data'!$O$2:$O$1680,7),"") | Y18: =IF($X18="","",IFERROR(MATCH($B$3&"|"&$G$3&"|"&$B18&"|"&$D18,'Flight Rates'!$A:$A,0),"")) | Z18: =IF($Y18="","",INDEX('Flight Rates'!$P:$P,$Y18))
A19: =IF($X19="","",INDEX('Raw Data'!$D:$D,$X19)) | B19: =IF($X19="","",INDEX('Raw Data'!$E:$E,$X19)) | C19: =IF($X19="","",IF($Y19="","Not linked",IF(INDEX('Flight Rates'!$G:$G,$Y19)<>"",INDEX('Flight Rates'!$G:$G,$Y19),IF($Z19="NO TARIFF LOADED","No tariff","No rate")))) | D19: =IF($X19="","",INDEX('Raw Data'!$F:$F,$X19)) | E19: =IF($Y19="","",IF(INDEX('Flight Rates'!$K:$K,$Y19)="","",INDEX('Flight Rates'!$K:$K,$Y19)+N($T19)+N($U19))) | F19: =IF($Y19="","",IF(INDEX('Flight Rates'!$L:$L,$Y19)="","",INDEX('Flight Rates'!$L:$L,$Y19)+N($T19)+N($U19))) | T19: =IF($Y19="","",N(INDEX('Flight Rates'!$S:$S,$Y19))) | U19: =IF(OR($Y19="",$C19="No tariff",$C19="No rate"),"",IFERROR(N(INDEX('Add-on Rates'!$C:$C,MATCH($A19,'Add-on Rates'!$A:$A,0))),0)) | X19: =IFERROR(SMALL('Raw Data'!$O$2:$O$1680,8),"") | Y19: =IF($X19="","",IFERROR(MATCH($B$3&"|"&$G$3&"|"&$B19&"|"&$D19,'Flight Rates'!$A:$A,0),"")) | Z19: =IF($Y19="","",INDEX('Flight Rates'!$P:$P,$Y19))
A20: =IF($X20="","",INDEX('Raw Data'!$D:$D,$X20)) | B20: =IF($X20="","",INDEX('Raw Data'!$E:$E,$X20)) | C20: =IF($X20="","",IF($Y20="","Not linked",IF(INDEX('Flight Rates'!$G:$G,$Y20)<>"",INDEX('Flight Rates'!$G:$G,$Y20),IF($Z20="NO TARIFF LOADED","No tariff","No rate")))) | D20: =IF($X20="","",INDEX('Raw Data'!$F:$F,$X20)) | E20: =IF($Y20="","",IF(INDEX('Flight Rates'!$K:$K,$Y20)="","",INDEX('Flight Rates'!$K:$K,$Y20)+N($T20)+N($U20))) | F20: =IF($Y20="","",IF(INDEX('Flight Rates'!$L:$L,$Y20)="","",INDEX('Flight Rates'!$L:$L,$Y20)+N($T20)+N($U20))) | T20: =IF($Y20="","",N(INDEX('Flight Rates'!$S:$S,$Y20))) | U20: =IF(OR($Y20="",$C20="No tariff",$C20="No rate"),"",IFERROR(N(INDEX('Add-on Rates'!$C:$C,MATCH($A20,'Add-on Rates'!$A:$A,0))),0)) | X20: =IFERROR(SMALL('Raw Data'!$O$2:$O$1680,9),"") | Y20: =IF($X20="","",IFERROR(MATCH($B$3&"|"&$G$3&"|"&$B20&"|"&$D20,'Flight Rates'!$A:$A,0),"")) | Z20: =IF($Y20="","",INDEX('Flight Rates'!$P:$P,$Y20))
A21: =IF($X21="","",INDEX('Raw Data'!$D:$D,$X21)) | B21: =IF($X21="","",INDEX('Raw Data'!$E:$E,$X21)) | C21: =IF($X21="","",IF($Y21="","Not linked",IF(INDEX('Flight Rates'!$G:$G,$Y21)<>"",INDEX('Flight Rates'!$G:$G,$Y21),IF($Z21="NO TARIFF LOADED","No tariff","No rate")))) | D21: =IF($X21="","",INDEX('Raw Data'!$F:$F,$X21)) | E21: =IF($Y21="","",IF(INDEX('Flight Rates'!$K:$K,$Y21)="","",INDEX('Flight Rates'!$K:$K,$Y21)+N($T21)+N($U21))) | F21: =IF($Y21="","",IF(INDEX('Flight Rates'!$L:$L,$Y21)="","",INDEX('Flight Rates'!$L:$L,$Y21)+N($T21)+N($U21))) | T21: =IF($Y21="","",N(INDEX('Flight Rates'!$S:$S,$Y21))) | U21: =IF(OR($Y21="",$C21="No tariff",$C21="No rate"),"",IFERROR(N(INDEX('Add-on Rates'!$C:$C,MATCH($A21,'Add-on Rates'!$A:$A,0))),0)) | X21: =IFERROR(SMALL('Raw Data'!$O$2:$O$1680,10),"") | Y21: =IF($X21="","",IFERROR(MATCH($B$3&"|"&$G$3&"|"&$B21&"|"&$D21,'Flight Rates'!$A:$A,0),"")) | Z21: =IF($Y21="","",INDEX('Flight Rates'!$P:$P,$Y21))
A22: =IF($X22="","",INDEX('Raw Data'!$D:$D,$X22)) | B22: =IF($X22="","",INDEX('Raw Data'!$E:$E,$X22)) | C22: =IF($X22="","",IF($Y22="","Not linked",IF(INDEX('Flight Rates'!$G:$G,$Y22)<>"",INDEX('Flight Rates'!$G:$G,$Y22),IF($Z22="NO TARIFF LOADED","No tariff","No rate")))) | D22: =IF($X22="","",INDEX('Raw Data'!$F:$F,$X22)) | E22: =IF($Y22="","",IF(INDEX('Flight Rates'!$K:$K,$Y22)="","",INDEX('Flight Rates'!$K:$K,$Y22)+N($T22)+N($U22))) | F22: =IF($Y22="","",IF(INDEX('Flight Rates'!$L:$L,$Y22)="","",INDEX('Flight Rates'!$L:$L,$Y22)+N($T22)+N($U22))) | T22: =IF($Y22="","",N(INDEX('Flight Rates'!$S:$S,$Y22))) | U22: =IF(OR($Y22="",$C22="No tariff",$C22="No rate"),"",IFERROR(N(INDEX('Add-on Rates'!$C:$C,MATCH($A22,'Add-on Rates'!$A:$A,0))),0)) | X22: =IFERROR(SMALL('Raw Data'!$O$2:$O$1680,11),"") | Y22: =IF($X22="","",IFERROR(MATCH($B$3&"|"&$G$3&"|"&$B22&"|"&$D22,'Flight Rates'!$A:$A,0),"")) | Z22: =IF($Y22="","",INDEX('Flight Rates'!$P:$P,$Y22))
A23: =IF($X23="","",INDEX('Raw Data'!$D:$D,$X23)) | B23: =IF($X23="","",INDEX('Raw Data'!$E:$E,$X23)) | C23: =IF($X23="","",IF($Y23="","Not linked",IF(INDEX('Flight Rates'!$G:$G,$Y23)<>"",INDEX('Flight Rates'!$G:$G,$Y23),IF($Z23="NO TARIFF LOADED","No tariff","No rate")))) | D23: =IF($X23="","",INDEX('Raw Data'!$F:$F,$X23)) | E23: =IF($Y23="","",IF(INDEX('Flight Rates'!$K:$K,$Y23)="","",INDEX('Flight Rates'!$K:$K,$Y23)+N($T23)+N($U23))) | F23: =IF($Y23="","",IF(INDEX('Flight Rates'!$L:$L,$Y23)="","",INDEX('Flight Rates'!$L:$L,$Y23)+N($T23)+N($U23))) | T23: =IF($Y23="","",N(INDEX('Flight Rates'!$S:$S,$Y23))) | U23: =IF(OR($Y23="",$C23="No tariff",$C23="No rate"),"",IFERROR(N(INDEX('Add-on Rates'!$C:$C,MATCH($A23,'Add-on Rates'!$A:$A,0))),0)) | X23: =IFERROR(SMALL('Raw Data'!$O$2:$O$1680,12),"") | Y23: =IF($X23="","",IFERROR(MATCH($B$3&"|"&$G$3&"|"&$B23&"|"&$D23,'Flight Rates'!$A:$A,0),"")) | Z23: =IF($Y23="","",INDEX('Flight Rates'!$P:$P,$Y23))
A24: =IF($X24="","",INDEX('Raw Data'!$D:$D,$X24)) | B24: =IF($X24="","",INDEX('Raw Data'!$E:$E,$X24)) | C24: =IF($X24="","",IF($Y24="","Not linked",IF(INDEX('Flight Rates'!$G:$G,$Y24)<>"",INDEX('Flight Rates'!$G:$G,$Y24),IF($Z24="NO TARIFF LOADED","No tariff","No rate")))) | D24: =IF($X24="","",INDEX('Raw Data'!$F:$F,$X24)) | E24: =IF($Y24="","",IF(INDEX('Flight Rates'!$K:$K,$Y24)="","",INDEX('Flight Rates'!$K:$K,$Y24)+N($T24)+N($U24))) | F24: =IF($Y24="","",IF(INDEX('Flight Rates'!$L:$L,$Y24)="","",INDEX('Flight Rates'!$L:$L,$Y24)+N($T24)+N($U24))) | T24: =IF($Y24="","",N(INDEX('Flight Rates'!$S:$S,$Y24))) | U24: =IF(OR($Y24="",$C24="No tariff",$C24="No rate"),"",IFERROR(N(INDEX('Add-on Rates'!$C:$C,MATCH($A24,'Add-on Rates'!$A:$A,0))),0)) | X24: =IFERROR(SMALL('Raw Data'!$O$2:$O$1680,13),"") | Y24: =IF($X24="","",IFERROR(MATCH($B$3&"|"&$G$3&"|"&$B24&"|"&$D24,'Flight Rates'!$A:$A,0),"")) | Z24: =IF($Y24="","",INDEX('Flight Rates'!$P:$P,$Y24))
A25: =IF($X25="","",INDEX('Raw Data'!$D:$D,$X25)) | B25: =IF($X25="","",INDEX('Raw Data'!$E:$E,$X25)) | C25: =IF($X25="","",IF($Y25="","Not linked",IF(INDEX('Flight Rates'!$G:$G,$Y25)<>"",INDEX('Flight Rates'!$G:$G,$Y25),IF($Z25="NO TARIFF LOADED","No tariff","No rate")))) | D25: =IF($X25="","",INDEX('Raw Data'!$F:$F,$X25)) | E25: =IF($Y25="","",IF(INDEX('Flight Rates'!$K:$K,$Y25)="","",INDEX('Flight Rates'!$K:$K,$Y25)+N($T25)+N($U25))) | F25: =IF($Y25="","",IF(INDEX('Flight Rates'!$L:$L,$Y25)="","",INDEX('Flight Rates'!$L:$L,$Y25)+N($T25)+N($U25))) | T25: =IF($Y25="","",N(INDEX('Flight Rates'!$S:$S,$Y25))) | U25: =IF(OR($Y25="",$C25="No tariff",$C25="No rate"),"",IFERROR(N(INDEX('Add-on Rates'!$C:$C,MATCH($A25,'Add-on Rates'!$A:$A,0))),0)) | X25: =IFERROR(SMALL('Raw Data'!$O$2:$O$1680,14),"") | Y25: =IF($X25="","",IFERROR(MATCH($B$3&"|"&$G$3&"|"&$B25&"|"&$D25,'Flight Rates'!$A:$A,0),"")) | Z25: =IF($Y25="","",INDEX('Flight Rates'!$P:$P,$Y25))
A26: =IF($X26="","",INDEX('Raw Data'!$D:$D,$X26)) | B26: =IF($X26="","",INDEX('Raw Data'!$E:$E,$X26)) | C26: =IF($X26="","",IF($Y26="","Not linked",IF(INDEX('Flight Rates'!$G:$G,$Y26)<>"",INDEX('Flight Rates'!$G:$G,$Y26),IF($Z26="NO TARIFF LOADED","No tariff","No rate")))) | D26: =IF($X26="","",INDEX('Raw Data'!$F:$F,$X26)) | E26: =IF($Y26="","",IF(INDEX('Flight Rates'!$K:$K,$Y26)="","",INDEX('Flight Rates'!$K:$K,$Y26)+N($T26)+N($U26))) | F26: =IF($Y26="","",IF(INDEX('Flight Rates'!$L:$L,$Y26)="","",INDEX('Flight Rates'!$L:$L,$Y26)+N($T26)+N($U26))) | T26: =IF($Y26="","",N(INDEX('Flight Rates'!$S:$S,$Y26))) | U26: =IF(OR($Y26="",$C26="No tariff",$C26="No rate"),"",IFERROR(N(INDEX('Add-on Rates'!$C:$C,MATCH($A26,'Add-on Rates'!$A:$A,0))),0)) | X26: =IFERROR(SMALL('Raw Data'!$O$2:$O$1680,15),"") | Y26: =IF($X26="","",IFERROR(MATCH($B$3&"|"&$G$3&"|"&$B26&"|"&$D26,'Flight Rates'!$A:$A,0),"")) | Z26: =IF($Y26="","",INDEX('Flight Rates'!$P:$P,$Y26))
A27: =IF($X27="","",INDEX('Raw Data'!$D:$D,$X27)) | B27: =IF($X27="","",INDEX('Raw Data'!$E:$E,$X27)) | C27: =IF($X27="","",IF($Y27="","Not linked",IF(INDEX('Flight Rates'!$G:$G,$Y27)<>"",INDEX('Flight Rates'!$G:$G,$Y27),IF($Z27="NO TARIFF LOADED","No tariff","No rate")))) | D27: =IF($X27="","",INDEX('Raw Data'!$F:$F,$X27)) | E27: =IF($Y27="","",IF(INDEX('Flight Rates'!$K:$K,$Y27)="","",INDEX('Flight Rates'!$K:$K,$Y27)+N($T27)+N($U27))) | F27: =IF($Y27="","",IF(INDEX('Flight Rates'!$L:$L,$Y27)="","",INDEX('Flight Rates'!$L:$L,$Y27)+N($T27)+N($U27))) | T27: =IF($Y27="","",N(INDEX('Flight Rates'!$S:$S,$Y27))) | U27: =IF(OR($Y27="",$C27="No tariff",$C27="No rate"),"",IFERROR(N(INDEX('Add-on Rates'!$C:$C,MATCH($A27,'Add-on Rates'!$A:$A,0))),0)) | X27: =IFERROR(SMALL('Raw Data'!$O$2:$O$1680,16),"") | Y27: =IF($X27="","",IFERROR(MATCH($B$3&"|"&$G$3&"|"&$B27&"|"&$D27,'Flight Rates'!$A:$A,0),"")) | Z27: =IF($Y27="","",INDEX('Flight Rates'!$P:$P,$Y27))
A28: =IF($X28="","",INDEX('Raw Data'!$D:$D,$X28)) | B28: =IF($X28="","",INDEX('Raw Data'!$E:$E,$X28)) | C28: =IF($X28="","",IF($Y28="","Not linked",IF(INDEX('Flight Rates'!$G:$G,$Y28)<>"",INDEX('Flight Rates'!$G:$G,$Y28),IF($Z28="NO TARIFF LOADED","No tariff","No rate")))) | D28: =IF($X28="","",INDEX('Raw Data'!$F:$F,$X28)) | E28: =IF($Y28="","",IF(INDEX('Flight Rates'!$K:$K,$Y28)="","",INDEX('Flight Rates'!$K:$K,$Y28)+N($T28)+N($U28))) | F28: =IF($Y28="","",IF(INDEX('Flight Rates'!$L:$L,$Y28)="","",INDEX('Flight Rates'!$L:$L,$Y28)+N($T28)+N($U28))) | T28: =IF($Y28="","",N(INDEX('Flight Rates'!$S:$S,$Y28))) | U28: =IF(OR($Y28="",$C28="No tariff",$C28="No rate"),"",IFERROR(N(INDEX('Add-on Rates'!$C:$C,MATCH($A28,'Add-on Rates'!$A:$A,0))),0)) | X28: =IFERROR(SMALL('Raw Data'!$O$2:$O$1680,17),"") | Y28: =IF($X28="","",IFERROR(MATCH($B$3&"|"&$G$3&"|"&$B28&"|"&$D28,'Flight Rates'!$A:$A,0),"")) | Z28: =IF($Y28="","",INDEX('Flight Rates'!$P:$P,$Y28))
A29: =IF($X29="","",INDEX('Raw Data'!$D:$D,$X29)) | B29: =IF($X29="","",INDEX('Raw Data'!$E:$E,$X29)) | C29: =IF($X29="","",IF($Y29="","Not linked",IF(INDEX('Flight Rates'!$G:$G,$Y29)<>"",INDEX('Flight Rates'!$G:$G,$Y29),IF($Z29="NO TARIFF LOADED","No tariff","No rate")))) | D29: =IF($X29="","",INDEX('Raw Data'!$F:$F,$X29)) | E29: =IF($Y29="","",IF(INDEX('Flight Rates'!$K:$K,$Y29)="","",INDEX('Flight Rates'!$K:$K,$Y29)+N($T29)+N($U29))) | F29: =IF($Y29="","",IF(INDEX('Flight Rates'!$L:$L,$Y29)="","",INDEX('Flight Rates'!$L:$L,$Y29)+N($T29)+N($U29))) | T29: =IF($Y29="","",N(INDEX('Flight Rates'!$S:$S,$Y29))) | U29: =IF(OR($Y29="",$C29="No tariff",$C29="No rate"),"",IFERROR(N(INDEX('Add-on Rates'!$C:$C,MATCH($A29,'Add-on Rates'!$A:$A,0))),0)) | X29: =IFERROR(SMALL('Raw Data'!$O$2:$O$1680,18),"") | Y29: =IF($X29="","",IFERROR(MATCH($B$3&"|"&$G$3&"|"&$B29&"|"&$D29,'Flight Rates'!$A:$A,0),"")) | Z29: =IF($Y29="","",INDEX('Flight Rates'!$P:$P,$Y29))
A30: =IF($X30="","",INDEX('Raw Data'!$D:$D,$X30)) | B30: =IF($X30="","",INDEX('Raw Data'!$E:$E,$X30)) | C30: =IF($X30="","",IF($Y30="","Not linked",IF(INDEX('Flight Rates'!$G:$G,$Y30)<>"",INDEX('Flight Rates'!$G:$G,$Y30),IF($Z30="NO TARIFF LOADED","No tariff","No rate")))) | D30: =IF($X30="","",INDEX('Raw Data'!$F:$F,$X30)) | E30: =IF($Y30="","",IF(INDEX('Flight Rates'!$K:$K,$Y30)="","",INDEX('Flight Rates'!$K:$K,$Y30)+N($T30)+N($U30))) | F30: =IF($Y30="","",IF(INDEX('Flight Rates'!$L:$L,$Y30)="","",INDEX('Flight Rates'!$L:$L,$Y30)+N($T30)+N($U30))) | T30: =IF($Y30="","",N(INDEX('Flight Rates'!$S:$S,$Y30))) | U30: =IF(OR($Y30="",$C30="No tariff",$C30="No rate"),"",IFERROR(N(INDEX('Add-on Rates'!$C:$C,MATCH($A30,'Add-on Rates'!$A:$A,0))),0)) | X30: =IFERROR(SMALL('Raw Data'!$O$2:$O$1680,19),"") | Y30: =IF($X30="","",IFERROR(MATCH($B$3&"|"&$G$3&"|"&$B30&"|"&$D30,'Flight Rates'!$A:$A,0),"")) | Z30: =IF($Y30="","",INDEX('Flight Rates'!$P:$P,$Y30))
A31: =IF($X31="","",INDEX('Raw Data'!$D:$D,$X31)) | B31: =IF($X31="","",INDEX('Raw Data'!$E:$E,$X31)) | C31: =IF($X31="","",IF($Y31="","Not linked",IF(INDEX('Flight Rates'!$G:$G,$Y31)<>"",INDEX('Flight Rates'!$G:$G,$Y31),IF($Z31="NO TARIFF LOADED","No tariff","No rate")))) | D31: =IF($X31="","",INDEX('Raw Data'!$F:$F,$X31)) | E31: =IF($Y31="","",IF(INDEX('Flight Rates'!$K:$K,$Y31)="","",INDEX('Flight Rates'!$K:$K,$Y31)+N($T31)+N($U31))) | F31: =IF($Y31="","",IF(INDEX('Flight Rates'!$L:$L,$Y31)="","",INDEX('Flight Rates'!$L:$L,$Y31)+N($T31)+N($U31))) | T31: =IF($Y31="","",N(INDEX('Flight Rates'!$S:$S,$Y31))) | U31: =IF(OR($Y31="",$C31="No tariff",$C31="No rate"),"",IFERROR(N(INDEX('Add-on Rates'!$C:$C,MATCH($A31,'Add-on Rates'!$A:$A,0))),0)) | X31: =IFERROR(SMALL('Raw Data'!$O$2:$O$1680,20),"") | Y31: =IF($X31="","",IFERROR(MATCH($B$3&"|"&$G$3&"|"&$B31&"|"&$D31,'Flight Rates'!$A:$A,0),"")) | Z31: =IF($Y31="","",INDEX('Flight Rates'!$P:$P,$Y31))
A32: =IF($X32="","",INDEX('Raw Data'!$D:$D,$X32)) | B32: =IF($X32="","",INDEX('Raw Data'!$E:$E,$X32)) | C32: =IF($X32="","",IF($Y32="","Not linked",IF(INDEX('Flight Rates'!$G:$G,$Y32)<>"",INDEX('Flight Rates'!$G:$G,$Y32),IF($Z32="NO TARIFF LOADED","No tariff","No rate")))) | D32: =IF($X32="","",INDEX('Raw Data'!$F:$F,$X32)) | E32: =IF($Y32="","",IF(INDEX('Flight Rates'!$K:$K,$Y32)="","",INDEX('Flight Rates'!$K:$K,$Y32)+N($T32)+N($U32))) | F32: =IF($Y32="","",IF(INDEX('Flight Rates'!$L:$L,$Y32)="","",INDEX('Flight Rates'!$L:$L,$Y32)+N($T32)+N($U32))) | T32: =IF($Y32="","",N(INDEX('Flight Rates'!$S:$S,$Y32))) | U32: =IF(OR($Y32="",$C32="No tariff",$C32="No rate"),"",IFERROR(N(INDEX('Add-on Rates'!$C:$C,MATCH($A32,'Add-on Rates'!$A:$A,0))),0)) | X32: =IFERROR(SMALL('Raw Data'!$O$2:$O$1680,21),"") | Y32: =IF($X32="","",IFERROR(MATCH($B$3&"|"&$G$3&"|"&$B32&"|"&$D32,'Flight Rates'!$A:$A,0),"")) | Z32: =IF($Y32="","",INDEX('Flight Rates'!$P:$P,$Y32))
A33: =IF($X33="","",INDEX('Raw Data'!$D:$D,$X33)) | B33: =IF($X33="","",INDEX('Raw Data'!$E:$E,$X33)) | C33: =IF($X33="","",IF($Y33="","Not linked",IF(INDEX('Flight Rates'!$G:$G,$Y33)<>"",INDEX('Flight Rates'!$G:$G,$Y33),IF($Z33="NO TARIFF LOADED","No tariff","No rate")))) | D33: =IF($X33="","",INDEX('Raw Data'!$F:$F,$X33)) | E33: =IF($Y33="","",IF(INDEX('Flight Rates'!$K:$K,$Y33)="","",INDEX('Flight Rates'!$K:$K,$Y33)+N($T33)+N($U33))) | F33: =IF($Y33="","",IF(INDEX('Flight Rates'!$L:$L,$Y33)="","",INDEX('Flight Rates'!$L:$L,$Y33)+N($T33)+N($U33))) | T33: =IF($Y33="","",N(INDEX('Flight Rates'!$S:$S,$Y33))) | U33: =IF(OR($Y33="",$C33="No tariff",$C33="No rate"),"",IFERROR(N(INDEX('Add-on Rates'!$C:$C,MATCH($A33,'Add-on Rates'!$A:$A,0))),0)) | X33: =IFERROR(SMALL('Raw Data'!$O$2:$O$1680,22),"") | Y33: =IF($X33="","",IFERROR(MATCH($B$3&"|"&$G$3&"|"&$B33&"|"&$D33,'Flight Rates'!$A:$A,0),"")) | Z33: =IF($Y33="","",INDEX('Flight Rates'!$P:$P,$Y33))
A34: =IF($X34="","",INDEX('Raw Data'!$D:$D,$X34)) | B34: =IF($X34="","",INDEX('Raw Data'!$E:$E,$X34)) | C34: =IF($X34="","",IF($Y34="","Not linked",IF(INDEX('Flight Rates'!$G:$G,$Y34)<>"",INDEX('Flight Rates'!$G:$G,$Y34),IF($Z34="NO TARIFF LOADED","No tariff","No rate")))) | D34: =IF($X34="","",INDEX('Raw Data'!$F:$F,$X34)) | E34: =IF($Y34="","",IF(INDEX('Flight Rates'!$K:$K,$Y34)="","",INDEX('Flight Rates'!$K:$K,$Y34)+N($T34)+N($U34))) | F34: =IF($Y34="","",IF(INDEX('Flight Rates'!$L:$L,$Y34)="","",INDEX('Flight Rates'!$L:$L,$Y34)+N($T34)+N($U34))) | T34: =IF($Y34="","",N(INDEX('Flight Rates'!$S:$S,$Y34))) | U34: =IF(OR($Y34="",$C34="No tariff",$C34="No rate"),"",IFERROR(N(INDEX('Add-on Rates'!$C:$C,MATCH($A34,'Add-on Rates'!$A:$A,0))),0)) | X34: =IFERROR(SMALL('Raw Data'!$O$2:$O$1680,23),"") | Y34: =IF($X34="","",IFERROR(MATCH($B$3&"|"&$G$3&"|"&$B34&"|"&$D34,'Flight Rates'!$A:$A,0),"")) | Z34: =IF($Y34="","",INDEX('Flight Rates'!$P:$P,$Y34))
A35: =IF($X35="","",INDEX('Raw Data'!$D:$D,$X35)) | B35: =IF($X35="","",INDEX('Raw Data'!$E:$E,$X35)) | C35: =IF($X35="","",IF($Y35="","Not linked",IF(INDEX('Flight Rates'!$G:$G,$Y35)<>"",INDEX('Flight Rates'!$G:$G,$Y35),IF($Z35="NO TARIFF LOADED","No tariff","No rate")))) | D35: =IF($X35="","",INDEX('Raw Data'!$F:$F,$X35)) | E35: =IF($Y35="","",IF(INDEX('Flight Rates'!$K:$K,$Y35)="","",INDEX('Flight Rates'!$K:$K,$Y35)+N($T35)+N($U35))) | F35: =IF($Y35="","",IF(INDEX('Flight Rates'!$L:$L,$Y35)="","",INDEX('Flight Rates'!$L:$L,$Y35)+N($T35)+N($U35))) | T35: =IF($Y35="","",N(INDEX('Flight Rates'!$S:$S,$Y35))) | U35: =IF(OR($Y35="",$C35="No tariff",$C35="No rate"),"",IFERROR(N(INDEX('Add-on Rates'!$C:$C,MATCH($A35,'Add-on Rates'!$A:$A,0))),0)) | X35: =IFERROR(SMALL('Raw Data'!$O$2:$O$1680,24),"") | Y35: =IF($X35="","",IFERROR(MATCH($B$3&"|"&$G$3&"|"&$B35&"|"&$D35,'Flight Rates'!$A:$A,0),"")) | Z35: =IF($Y35="","",INDEX('Flight Rates'!$P:$P,$Y35))
A36: =IF($X36="","",INDEX('Raw Data'!$D:$D,$X36)) | B36: =IF($X36="","",INDEX('Raw Data'!$E:$E,$X36)) | C36: =IF($X36="","",IF($Y36="","Not linked",IF(INDEX('Flight Rates'!$G:$G,$Y36)<>"",INDEX('Flight Rates'!$G:$G,$Y36),IF($Z36="NO TARIFF LOADED","No tariff","No rate")))) | D36: =IF($X36="","",INDEX('Raw Data'!$F:$F,$X36)) | E36: =IF($Y36="","",IF(INDEX('Flight Rates'!$K:$K,$Y36)="","",INDEX('Flight Rates'!$K:$K,$Y36)+N($T36)+N($U36))) | F36: =IF($Y36="","",IF(INDEX('Flight Rates'!$L:$L,$Y36)="","",INDEX('Flight Rates'!$L:$L,$Y36)+N($T36)+N($U36))) | T36: =IF($Y36="","",N(INDEX('Flight Rates'!$S:$S,$Y36))) | U36: =IF(OR($Y36="",$C36="No tariff",$C36="No rate"),"",IFERROR(N(INDEX('Add-on Rates'!$C:$C,MATCH($A36,'Add-on Rates'!$A:$A,0))),0)) | X36: =IFERROR(SMALL('Raw Data'!$O$2:$O$1680,25),"") | Y36: =IF($X36="","",IFERROR(MATCH($B$3&"|"&$G$3&"|"&$B36&"|"&$D36,'Flight Rates'!$A:$A,0),"")) | Z36: =IF($Y36="","",INDEX('Flight Rates'!$P:$P,$Y36))
A37: =IF($X37="","",INDEX('Raw Data'!$D:$D,$X37)) | B37: =IF($X37="","",INDEX('Raw Data'!$E:$E,$X37)) | C37: =IF($X37="","",IF($Y37="","Not linked",IF(INDEX('Flight Rates'!$G:$G,$Y37)<>"",INDEX('Flight Rates'!$G:$G,$Y37),IF($Z37="NO TARIFF LOADED","No tariff","No rate")))) | D37: =IF($X37="","",INDEX('Raw Data'!$F:$F,$X37)) | E37: =IF($Y37="","",IF(INDEX('Flight Rates'!$K:$K,$Y37)="","",INDEX('Flight Rates'!$K:$K,$Y37)+N($T37)+N($U37))) | F37: =IF($Y37="","",IF(INDEX('Flight Rates'!$L:$L,$Y37)="","",INDEX('Flight Rates'!$L:$L,$Y37)+N($T37)+N($U37))) | T37: =IF($Y37="","",N(INDEX('Flight Rates'!$S:$S,$Y37))) | U37: =IF(OR($Y37="",$C37="No tariff",$C37="No rate"),"",IFERROR(N(INDEX('Add-on Rates'!$C:$C,MATCH($A37,'Add-on Rates'!$A:$A,0))),0)) | X37: =IFERROR(SMALL('Raw Data'!$O$2:$O$1680,26),"") | Y37: =IF($X37="","",IFERROR(MATCH($B$3&"|"&$G$3&"|"&$B37&"|"&$D37,'Flight Rates'!$A:$A,0),"")) | Z37: =IF($Y37="","",INDEX('Flight Rates'!$P:$P,$Y37))
A38: =IF($X38="","",INDEX('Raw Data'!$D:$D,$X38)) | B38: =IF($X38="","",INDEX('Raw Data'!$E:$E,$X38)) | C38: =IF($X38="","",IF($Y38="","Not linked",IF(INDEX('Flight Rates'!$G:$G,$Y38)<>"",INDEX('Flight Rates'!$G:$G,$Y38),IF($Z38="NO TARIFF LOADED","No tariff","No rate")))) | D38: =IF($X38="","",INDEX('Raw Data'!$F:$F,$X38)) | E38: =IF($Y38="","",IF(INDEX('Flight Rates'!$K:$K,$Y38)="","",INDEX('Flight Rates'!$K:$K,$Y38)+N($T38)+N($U38))) | F38: =IF($Y38="","",IF(INDEX('Flight Rates'!$L:$L,$Y38)="","",INDEX('Flight Rates'!$L:$L,$Y38)+N($T38)+N($U38))) | T38: =IF($Y38="","",N(INDEX('Flight Rates'!$S:$S,$Y38))) | U38: =IF(OR($Y38="",$C38="No tariff",$C38="No rate"),"",IFERROR(N(INDEX('Add-on Rates'!$C:$C,MATCH($A38,'Add-on Rates'!$A:$A,0))),0)) | X38: =IFERROR(SMALL('Raw Data'!$O$2:$O$1680,27),"") | Y38: =IF($X38="","",IFERROR(MATCH($B$3&"|"&$G$3&"|"&$B38&"|"&$D38,'Flight Rates'!$A:$A,0),"")) | Z38: =IF($Y38="","",INDEX('Flight Rates'!$P:$P,$Y38))
A39: =IF($X39="","",INDEX('Raw Data'!$D:$D,$X39)) | B39: =IF($X39="","",INDEX('Raw Data'!$E:$E,$X39)) | C39: =IF($X39="","",IF($Y39="","Not linked",IF(INDEX('Flight Rates'!$G:$G,$Y39)<>"",INDEX('Flight Rates'!$G:$G,$Y39),IF($Z39="NO TARIFF LOADED","No tariff","No rate")))) | D39: =IF($X39="","",INDEX('Raw Data'!$F:$F,$X39)) | E39: =IF($Y39="","",IF(INDEX('Flight Rates'!$K:$K,$Y39)="","",INDEX('Flight Rates'!$K:$K,$Y39)+N($T39)+N($U39))) | F39: =IF($Y39="","",IF(INDEX('Flight Rates'!$L:$L,$Y39)="","",INDEX('Flight Rates'!$L:$L,$Y39)+N($T39)+N($U39))) | T39: =IF($Y39="","",N(INDEX('Flight Rates'!$S:$S,$Y39))) | U39: =IF(OR($Y39="",$C39="No tariff",$C39="No rate"),"",IFERROR(N(INDEX('Add-on Rates'!$C:$C,MATCH($A39,'Add-on Rates'!$A:$A,0))),0)) | X39: =IFERROR(SMALL('Raw Data'!$O$2:$O$1680,28),"") | Y39: =IF($X39="","",IFERROR(MATCH($B$3&"|"&$G$3&"|"&$B39&"|"&$D39,'Flight Rates'!$A:$A,0),"")) | Z39: =IF($Y39="","",INDEX('Flight Rates'!$P:$P,$Y39))
A40: =IF($X40="","",INDEX('Raw Data'!$D:$D,$X40)) | B40: =IF($X40="","",INDEX('Raw Data'!$E:$E,$X40)) | C40: =IF($X40="","",IF($Y40="","Not linked",IF(INDEX('Flight Rates'!$G:$G,$Y40)<>"",INDEX('Flight Rates'!$G:$G,$Y40),IF($Z40="NO TARIFF LOADED","No tariff","No rate")))) | D40: =IF($X40="","",INDEX('Raw Data'!$F:$F,$X40)) | E40: =IF($Y40="","",IF(INDEX('Flight Rates'!$K:$K,$Y40)="","",INDEX('Flight Rates'!$K:$K,$Y40)+N($T40)+N($U40))) | F40: =IF($Y40="","",IF(INDEX('Flight Rates'!$L:$L,$Y40)="","",INDEX('Flight Rates'!$L:$L,$Y40)+N($T40)+N($U40))) | T40: =IF($Y40="","",N(INDEX('Flight Rates'!$S:$S,$Y40))) | U40: =IF(OR($Y40="",$C40="No tariff",$C40="No rate"),"",IFERROR(N(INDEX('Add-on Rates'!$C:$C,MATCH($A40,'Add-on Rates'!$A:$A,0))),0)) | X40: =IFERROR(SMALL('Raw Data'!$O$2:$O$1680,29),"") | Y40: =IF($X40="","",IFERROR(MATCH($B$3&"|"&$G$3&"|"&$B40&"|"&$D40,'Flight Rates'!$A:$A,0),"")) | Z40: =IF($Y40="","",INDEX('Flight Rates'!$P:$P,$Y40))
A41: =IF($X41="","",INDEX('Raw Data'!$D:$D,$X41)) | B41: =IF($X41="","",INDEX('Raw Data'!$E:$E,$X41)) | C41: =IF($X41="","",IF($Y41="","Not linked",IF(INDEX('Flight Rates'!$G:$G,$Y41)<>"",INDEX('Flight Rates'!$G:$G,$Y41),IF($Z41="NO TARIFF LOADED","No tariff","No rate")))) | D41: =IF($X41="","",INDEX('Raw Data'!$F:$F,$X41)) | E41: =IF($Y41="","",IF(INDEX('Flight Rates'!$K:$K,$Y41)="","",INDEX('Flight Rates'!$K:$K,$Y41)+N($T41)+N($U41))) | F41: =IF($Y41="","",IF(INDEX('Flight Rates'!$L:$L,$Y41)="","",INDEX('Flight Rates'!$L:$L,$Y41)+N($T41)+N($U41))) | T41: =IF($Y41="","",N(INDEX('Flight Rates'!$S:$S,$Y41))) | U41: =IF(OR($Y41="",$C41="No tariff",$C41="No rate"),"",IFERROR(N(INDEX('Add-on Rates'!$C:$C,MATCH($A41,'Add-on Rates'!$A:$A,0))),0)) | X41: =IFERROR(SMALL('Raw Data'!$O$2:$O$1680,30),"") | Y41: =IF($X41="","",IFERROR(MATCH($B$3&"|"&$G$3&"|"&$B41&"|"&$D41,'Flight Rates'!$A:$A,0),"")) | Z41: =IF($Y41="","",INDEX('Flight Rates'!$P:$P,$Y41))
A42: =IF($X42="","",INDEX('Raw Data'!$D:$D,$X42)) | B42: =IF($X42="","",INDEX('Raw Data'!$E:$E,$X42)) | C42: =IF($X42="","",IF($Y42="","Not linked",IF(INDEX('Flight Rates'!$G:$G,$Y42)<>"",INDEX('Flight Rates'!$G:$G,$Y42),IF($Z42="NO TARIFF LOADED","No tariff","No rate")))) | D42: =IF($X42="","",INDEX('Raw Data'!$F:$F,$X42)) | E42: =IF($Y42="","",IF(INDEX('Flight Rates'!$K:$K,$Y42)="","",INDEX('Flight Rates'!$K:$K,$Y42)+N($T42)+N($U42))) | F42: =IF($Y42="","",IF(INDEX('Flight Rates'!$L:$L,$Y42)="","",INDEX('Flight Rates'!$L:$L,$Y42)+N($T42)+N($U42))) | T42: =IF($Y42="","",N(INDEX('Flight Rates'!$S:$S,$Y42))) | U42: =IF(OR($Y42="",$C42="No tariff",$C42="No rate"),"",IFERROR(N(INDEX('Add-on Rates'!$C:$C,MATCH($A42,'Add-on Rates'!$A:$A,0))),0)) | X42: =IFERROR(SMALL('Raw Data'!$O$2:$O$1680,31),"") | Y42: =IF($X42="","",IFERROR(MATCH($B$3&"|"&$G$3&"|"&$B42&"|"&$D42,'Flight Rates'!$A:$A,0),"")) | Z42: =IF($Y42="","",INDEX('Flight Rates'!$P:$P,$Y42))
A43: =IF($X43="","",INDEX('Raw Data'!$D:$D,$X43)) | B43: =IF($X43="","",INDEX('Raw Data'!$E:$E,$X43)) | C43: =IF($X43="","",IF($Y43="","Not linked",IF(INDEX('Flight Rates'!$G:$G,$Y43)<>"",INDEX('Flight Rates'!$G:$G,$Y43),IF($Z43="NO TARIFF LOADED","No tariff","No rate")))) | D43: =IF($X43="","",INDEX('Raw Data'!$F:$F,$X43)) | E43: =IF($Y43="","",IF(INDEX('Flight Rates'!$K:$K,$Y43)="","",INDEX('Flight Rates'!$K:$K,$Y43)+N($T43)+N($U43))) | F43: =IF($Y43="","",IF(INDEX('Flight Rates'!$L:$L,$Y43)="","",INDEX('Flight Rates'!$L:$L,$Y43)+N($T43)+N($U43))) | T43: =IF($Y43="","",N(INDEX('Flight Rates'!$S:$S,$Y43))) | U43: =IF(OR($Y43="",$C43="No tariff",$C43="No rate"),"",IFERROR(N(INDEX('Add-on Rates'!$C:$C,MATCH($A43,'Add-on Rates'!$A:$A,0))),0)) | X43: =IFERROR(SMALL('Raw Data'!$O$2:$O$1680,32),"") | Y43: =IF($X43="","",IFERROR(MATCH($B$3&"|"&$G$3&"|"&$B43&"|"&$D43,'Flight Rates'!$A:$A,0),"")) | Z43: =IF($Y43="","",INDEX('Flight Rates'!$P:$P,$Y43))
A44: =IF($X44="","",INDEX('Raw Data'!$D:$D,$X44)) | B44: =IF($X44="","",INDEX('Raw Data'!$E:$E,$X44)) | C44: =IF($X44="","",IF($Y44="","Not linked",IF(INDEX('Flight Rates'!$G:$G,$Y44)<>"",INDEX('Flight Rates'!$G:$G,$Y44),IF($Z44="NO TARIFF LOADED","No tariff","No rate")))) | D44: =IF($X44="","",INDEX('Raw Data'!$F:$F,$X44)) | E44: =IF($Y44="","",IF(INDEX('Flight Rates'!$K:$K,$Y44)="","",INDEX('Flight Rates'!$K:$K,$Y44)+N($T44)+N($U44))) | F44: =IF($Y44="","",IF(INDEX('Flight Rates'!$L:$L,$Y44)="","",INDEX('Flight Rates'!$L:$L,$Y44)+N($T44)+N($U44))) | T44: =IF($Y44="","",N(INDEX('Flight Rates'!$S:$S,$Y44))) | U44: =IF(OR($Y44="",$C44="No tariff",$C44="No rate"),"",IFERROR(N(INDEX('Add-on Rates'!$C:$C,MATCH($A44,'Add-on Rates'!$A:$A,0))),0)) | X44: =IFERROR(SMALL('Raw Data'!$O$2:$O$1680,33),"") | Y44: =IF($X44="","",IFERROR(MATCH($B$3&"|"&$G$3&"|"&$B44&"|"&$D44,'Flight Rates'!$A:$A,0),"")) | Z44: =IF($Y44="","",INDEX('Flight Rates'!$P:$P,$Y44))
A45: =IF($X45="","",INDEX('Raw Data'!$D:$D,$X45)) | B45: =IF($X45="","",INDEX('Raw Data'!$E:$E,$X45)) | C45: =IF($X45="","",IF($Y45="","Not linked",IF(INDEX('Flight Rates'!$G:$G,$Y45)<>"",INDEX('Flight Rates'!$G:$G,$Y45),IF($Z45="NO TARIFF LOADED","No tariff","No rate")))) | D45: =IF($X45="","",INDEX('Raw Data'!$F:$F,$X45)) | E45: =IF($Y45="","",IF(INDEX('Flight Rates'!$K:$K,$Y45)="","",INDEX('Flight Rates'!$K:$K,$Y45)+N($T45)+N($U45))) | F45: =IF($Y45="","",IF(INDEX('Flight Rates'!$L:$L,$Y45)="","",INDEX('Flight Rates'!$L:$L,$Y45)+N($T45)+N($U45))) | T45: =IF($Y45="","",N(INDEX('Flight Rates'!$S:$S,$Y45))) | U45: =IF(OR($Y45="",$C45="No tariff",$C45="No rate"),"",IFERROR(N(INDEX('Add-on Rates'!$C:$C,MATCH($A45,'Add-on Rates'!$A:$A,0))),0)) | X45: =IFERROR(SMALL('Raw Data'!$O$2:$O$1680,34),"") | Y45: =IF($X45="","",IFERROR(MATCH($B$3&"|"&$G$3&"|"&$B45&"|"&$D45,'Flight Rates'!$A:$A,0),"")) | Z45: =IF($Y45="","",INDEX('Flight Rates'!$P:$P,$Y45))
A46: =IF($X46="","",INDEX('Raw Data'!$D:$D,$X46)) | B46: =IF($X46="","",INDEX('Raw Data'!$E:$E,$X46)) | C46: =IF($X46="","",IF($Y46="","Not linked",IF(INDEX('Flight Rates'!$G:$G,$Y46)<>"",INDEX('Flight Rates'!$G:$G,$Y46),IF($Z46="NO TARIFF LOADED","No tariff","No rate")))) | D46: =IF($X46="","",INDEX('Raw Data'!$F:$F,$X46)) | E46: =IF($Y46="","",IF(INDEX('Flight Rates'!$K:$K,$Y46)="","",INDEX('Flight Rates'!$K:$K,$Y46)+N($T46)+N($U46))) | F46: =IF($Y46="","",IF(INDEX('Flight Rates'!$L:$L,$Y46)="","",INDEX('Flight Rates'!$L:$L,$Y46)+N($T46)+N($U46))) | T46: =IF($Y46="","",N(INDEX('Flight Rates'!$S:$S,$Y46))) | U46: =IF(OR($Y46="",$C46="No tariff",$C46="No rate"),"",IFERROR(N(INDEX('Add-on Rates'!$C:$C,MATCH($A46,'Add-on Rates'!$A:$A,0))),0)) | X46: =IFERROR(SMALL('Raw Data'!$O$2:$O$1680,35),"") | Y46: =IF($X46="","",IFERROR(MATCH($B$3&"|"&$G$3&"|"&$B46&"|"&$D46,'Flight Rates'!$A:$A,0),"")) | Z46: =IF($Y46="","",INDEX('Flight Rates'!$P:$P,$Y46))
A47: =IF($X47="","",INDEX('Raw Data'!$D:$D,$X47)) | B47: =IF($X47="","",INDEX('Raw Data'!$E:$E,$X47)) | C47: =IF($X47="","",IF($Y47="","Not linked",IF(INDEX('Flight Rates'!$G:$G,$Y47)<>"",INDEX('Flight Rates'!$G:$G,$Y47),IF($Z47="NO TARIFF LOADED","No tariff","No rate")))) | D47: =IF($X47="","",INDEX('Raw Data'!$F:$F,$X47)) | E47: =IF($Y47="","",IF(INDEX('Flight Rates'!$K:$K,$Y47)="","",INDEX('Flight Rates'!$K:$K,$Y47)+N($T47)+N($U47))) | F47: =IF($Y47="","",IF(INDEX('Flight Rates'!$L:$L,$Y47)="","",INDEX('Flight Rates'!$L:$L,$Y47)+N($T47)+N($U47))) | T47: =IF($Y47="","",N(INDEX('Flight Rates'!$S:$S,$Y47))) | U47: =IF(OR($Y47="",$C47="No tariff",$C47="No rate"),"",IFERROR(N(INDEX('Add-on Rates'!$C:$C,MATCH($A47,'Add-on Rates'!$A:$A,0))),0)) | X47: =IFERROR(SMALL('Raw Data'!$O$2:$O$1680,36),"") | Y47: =IF($X47="","",IFERROR(MATCH($B$3&"|"&$G$3&"|"&$B47&"|"&$D47,'Flight Rates'!$A:$A,0),"")) | Z47: =IF($Y47="","",INDEX('Flight Rates'!$P:$P,$Y47))
A48: =IF($X48="","",INDEX('Raw Data'!$D:$D,$X48)) | B48: =IF($X48="","",INDEX('Raw Data'!$E:$E,$X48)) | C48: =IF($X48="","",IF($Y48="","Not linked",IF(INDEX('Flight Rates'!$G:$G,$Y48)<>"",INDEX('Flight Rates'!$G:$G,$Y48),IF($Z48="NO TARIFF LOADED","No tariff","No rate")))) | D48: =IF($X48="","",INDEX('Raw Data'!$F:$F,$X48)) | E48: =IF($Y48="","",IF(INDEX('Flight Rates'!$K:$K,$Y48)="","",INDEX('Flight Rates'!$K:$K,$Y48)+N($T48)+N($U48))) | F48: =IF($Y48="","",IF(INDEX('Flight Rates'!$L:$L,$Y48)="","",INDEX('Flight Rates'!$L:$L,$Y48)+N($T48)+N($U48))) | T48: =IF($Y48="","",N(INDEX('Flight Rates'!$S:$S,$Y48))) | U48: =IF(OR($Y48="",$C48="No tariff",$C48="No rate"),"",IFERROR(N(INDEX('Add-on Rates'!$C:$C,MATCH($A48,'Add-on Rates'!$A:$A,0))),0)) | X48: =IFERROR(SMALL('Raw Data'!$O$2:$O$1680,37),"") | Y48: =IF($X48="","",IFERROR(MATCH($B$3&"|"&$G$3&"|"&$B48&"|"&$D48,'Flight Rates'!$A:$A,0),"")) | Z48: =IF($Y48="","",INDEX('Flight Rates'!$P:$P,$Y48))
A49: =IF($X49="","",INDEX('Raw Data'!$D:$D,$X49)) | B49: =IF($X49="","",INDEX('Raw Data'!$E:$E,$X49)) | C49: =IF($X49="","",IF($Y49="","Not linked",IF(INDEX('Flight Rates'!$G:$G,$Y49)<>"",INDEX('Flight Rates'!$G:$G,$Y49),IF($Z49="NO TARIFF LOADED","No tariff","No rate")))) | D49: =IF($X49="","",INDEX('Raw Data'!$F:$F,$X49)) | E49: =IF($Y49="","",IF(INDEX('Flight Rates'!$K:$K,$Y49)="","",INDEX('Flight Rates'!$K:$K,$Y49)+N($T49)+N($U49))) | F49: =IF($Y49="","",IF(INDEX('Flight Rates'!$L:$L,$Y49)="","",INDEX('Flight Rates'!$L:$L,$Y49)+N($T49)+N($U49))) | T49: =IF($Y49="","",N(INDEX('Flight Rates'!$S:$S,$Y49))) | U49: =IF(OR($Y49="",$C49="No tariff",$C49="No rate"),"",IFERROR(N(INDEX('Add-on Rates'!$C:$C,MATCH($A49,'Add-on Rates'!$A:$A,0))),0)) | X49: =IFERROR(SMALL('Raw Data'!$O$2:$O$1680,38),"") | Y49: =IF($X49="","",IFERROR(MATCH($B$3&"|"&$G$3&"|"&$B49&"|"&$D49,'Flight Rates'!$A:$A,0),"")) | Z49: =IF($Y49="","",INDEX('Flight Rates'!$P:$P,$Y49))
A50: =IF($X50="","",INDEX('Raw Data'!$D:$D,$X50)) | B50: =IF($X50="","",INDEX('Raw Data'!$E:$E,$X50)) | C50: =IF($X50="","",IF($Y50="","Not linked",IF(INDEX('Flight Rates'!$G:$G,$Y50)<>"",INDEX('Flight Rates'!$G:$G,$Y50),IF($Z50="NO TARIFF LOADED","No tariff","No rate")))) | D50: =IF($X50="","",INDEX('Raw Data'!$F:$F,$X50)) | E50: =IF($Y50="","",IF(INDEX('Flight Rates'!$K:$K,$Y50)="","",INDEX('Flight Rates'!$K:$K,$Y50)+N($T50)+N($U50))) | F50: =IF($Y50="","",IF(INDEX('Flight Rates'!$L:$L,$Y50)="","",INDEX('Flight Rates'!$L:$L,$Y50)+N($T50)+N($U50))) | T50: =IF($Y50="","",N(INDEX('Flight Rates'!$S:$S,$Y50))) | U50: =IF(OR($Y50="",$C50="No tariff",$C50="No rate"),"",IFERROR(N(INDEX('Add-on Rates'!$C:$C,MATCH($A50,'Add-on Rates'!$A:$A,0))),0)) | X50: =IFERROR(SMALL('Raw Data'!$O$2:$O$1680,39),"") | Y50: =IF($X50="","",IFERROR(MATCH($B$3&"|"&$G$3&"|"&$B50&"|"&$D50,'Flight Rates'!$A:$A,0),"")) | Z50: =IF($Y50="","",INDEX('Flight Rates'!$P:$P,$Y50))
A51: =IF($X51="","",INDEX('Raw Data'!$D:$D,$X51)) | B51: =IF($X51="","",INDEX('Raw Data'!$E:$E,$X51)) | C51: =IF($X51="","",IF($Y51="","Not linked",IF(INDEX('Flight Rates'!$G:$G,$Y51)<>"",INDEX('Flight Rates'!$G:$G,$Y51),IF($Z51="NO TARIFF LOADED","No tariff","No rate")))) | D51: =IF($X51="","",INDEX('Raw Data'!$F:$F,$X51)) | E51: =IF($Y51="","",IF(INDEX('Flight Rates'!$K:$K,$Y51)="","",INDEX('Flight Rates'!$K:$K,$Y51)+N($T51)+N($U51))) | F51: =IF($Y51="","",IF(INDEX('Flight Rates'!$L:$L,$Y51)="","",INDEX('Flight Rates'!$L:$L,$Y51)+N($T51)+N($U51))) | T51: =IF($Y51="","",N(INDEX('Flight Rates'!$S:$S,$Y51))) | U51: =IF(OR($Y51="",$C51="No tariff",$C51="No rate"),"",IFERROR(N(INDEX('Add-on Rates'!$C:$C,MATCH($A51,'Add-on Rates'!$A:$A,0))),0)) | X51: =IFERROR(SMALL('Raw Data'!$O$2:$O$1680,40),"") | Y51: =IF($X51="","",IFERROR(MATCH($B$3&"|"&$G$3&"|"&$B51&"|"&$D51,'Flight Rates'!$A:$A,0),"")) | Z51: =IF($Y51="","",INDEX('Flight Rates'!$P:$P,$Y51))
A52: =IF($X52="","",INDEX('Raw Data'!$D:$D,$X52)) | B52: =IF($X52="","",INDEX('Raw Data'!$E:$E,$X52)) | C52: =IF($X52="","",IF($Y52="","Not linked",IF(INDEX('Flight Rates'!$G:$G,$Y52)<>"",INDEX('Flight Rates'!$G:$G,$Y52),IF($Z52="NO TARIFF LOADED","No tariff","No rate")))) | D52: =IF($X52="","",INDEX('Raw Data'!$F:$F,$X52)) | E52: =IF($Y52="","",IF(INDEX('Flight Rates'!$K:$K,$Y52)="","",INDEX('Flight Rates'!$K:$K,$Y52)+N($T52)+N($U52))) | F52: =IF($Y52="","",IF(INDEX('Flight Rates'!$L:$L,$Y52)="","",INDEX('Flight Rates'!$L:$L,$Y52)+N($T52)+N($U52))) | T52: =IF($Y52="","",N(INDEX('Flight Rates'!$S:$S,$Y52))) | U52: =IF(OR($Y52="",$C52="No tariff",$C52="No rate"),"",IFERROR(N(INDEX('Add-on Rates'!$C:$C,MATCH($A52,'Add-on Rates'!$A:$A,0))),0)) | X52: =IFERROR(SMALL('Raw Data'!$O$2:$O$1680,41),"") | Y52: =IF($X52="","",IFERROR(MATCH($B$3&"|"&$G$3&"|"&$B52&"|"&$D52,'Flight Rates'!$A:$A,0),"")) | Z52: =IF($Y52="","",INDEX('Flight Rates'!$P:$P,$Y52))
A53: =IF($X53="","",INDEX('Raw Data'!$D:$D,$X53)) | B53: =IF($X53="","",INDEX('Raw Data'!$E:$E,$X53)) | C53: =IF($X53="","",IF($Y53="","Not linked",IF(INDEX('Flight Rates'!$G:$G,$Y53)<>"",INDEX('Flight Rates'!$G:$G,$Y53),IF($Z53="NO TARIFF LOADED","No tariff","No rate")))) | D53: =IF($X53="","",INDEX('Raw Data'!$F:$F,$X53)) | E53: =IF($Y53="","",IF(INDEX('Flight Rates'!$K:$K,$Y53)="","",INDEX('Flight Rates'!$K:$K,$Y53)+N($T53)+N($U53))) | F53: =IF($Y53="","",IF(INDEX('Flight Rates'!$L:$L,$Y53)="","",INDEX('Flight Rates'!$L:$L,$Y53)+N($T53)+N($U53))) | T53: =IF($Y53="","",N(INDEX('Flight Rates'!$S:$S,$Y53))) | U53: =IF(OR($Y53="",$C53="No tariff",$C53="No rate"),"",IFERROR(N(INDEX('Add-on Rates'!$C:$C,MATCH($A53,'Add-on Rates'!$A:$A,0))),0)) | X53: =IFERROR(SMALL('Raw Data'!$O$2:$O$1680,42),"") | Y53: =IF($X53="","",IFERROR(MATCH($B$3&"|"&$G$3&"|"&$B53&"|"&$D53,'Flight Rates'!$A:$A,0),"")) | Z53: =IF($Y53="","",INDEX('Flight Rates'!$P:$P,$Y53))
A54: =IF($X54="","",INDEX('Raw Data'!$D:$D,$X54)) | B54: =IF($X54="","",INDEX('Raw Data'!$E:$E,$X54)) | C54: =IF($X54="","",IF($Y54="","Not linked",IF(INDEX('Flight Rates'!$G:$G,$Y54)<>"",INDEX('Flight Rates'!$G:$G,$Y54),IF($Z54="NO TARIFF LOADED","No tariff","No rate")))) | D54: =IF($X54="","",INDEX('Raw Data'!$F:$F,$X54)) | E54: =IF($Y54="","",IF(INDEX('Flight Rates'!$K:$K,$Y54)="","",INDEX('Flight Rates'!$K:$K,$Y54)+N($T54)+N($U54))) | F54: =IF($Y54="","",IF(INDEX('Flight Rates'!$L:$L,$Y54)="","",INDEX('Flight Rates'!$L:$L,$Y54)+N($T54)+N($U54))) | T54: =IF($Y54="","",N(INDEX('Flight Rates'!$S:$S,$Y54))) | U54: =IF(OR($Y54="",$C54="No tariff",$C54="No rate"),"",IFERROR(N(INDEX('Add-on Rates'!$C:$C,MATCH($A54,'Add-on Rates'!$A:$A,0))),0)) | X54: =IFERROR(SMALL('Raw Data'!$O$2:$O$1680,43),"") | Y54: =IF($X54="","",IFERROR(MATCH($B$3&"|"&$G$3&"|"&$B54&"|"&$D54,'Flight Rates'!$A:$A,0),"")) | Z54: =IF($Y54="","",INDEX('Flight Rates'!$P:$P,$Y54))
A55: =IF($X55="","",INDEX('Raw Data'!$D:$D,$X55)) | B55: =IF($X55="","",INDEX('Raw Data'!$E:$E,$X55)) | C55: =IF($X55="","",IF($Y55="","Not linked",IF(INDEX('Flight Rates'!$G:$G,$Y55)<>"",INDEX('Flight Rates'!$G:$G,$Y55),IF($Z55="NO TARIFF LOADED","No tariff","No rate")))) | D55: =IF($X55="","",INDEX('Raw Data'!$F:$F,$X55)) | E55: =IF($Y55="","",IF(INDEX('Flight Rates'!$K:$K,$Y55)="","",INDEX('Flight Rates'!$K:$K,$Y55)+N($T55)+N($U55))) | F55: =IF($Y55="","",IF(INDEX('Flight Rates'!$L:$L,$Y55)="","",INDEX('Flight Rates'!$L:$L,$Y55)+N($T55)+N($U55))) | T55: =IF($Y55="","",N(INDEX('Flight Rates'!$S:$S,$Y55))) | U55: =IF(OR($Y55="",$C55="No tariff",$C55="No rate"),"",IFERROR(N(INDEX('Add-on Rates'!$C:$C,MATCH($A55,'Add-on Rates'!$A:$A,0))),0)) | X55: =IFERROR(SMALL('Raw Data'!$O$2:$O$1680,44),"") | Y55: =IF($X55="","",IFERROR(MATCH($B$3&"|"&$G$3&"|"&$B55&"|"&$D55,'Flight Rates'!$A:$A,0),"")) | Z55: =IF($Y55="","",INDEX('Flight Rates'!$P:$P,$Y55))
A56: =IF($X56="","",INDEX('Raw Data'!$D:$D,$X56)) | B56: =IF($X56="","",INDEX('Raw Data'!$E:$E,$X56)) | C56: =IF($X56="","",IF($Y56="","Not linked",IF(INDEX('Flight Rates'!$G:$G,$Y56)<>"",INDEX('Flight Rates'!$G:$G,$Y56),IF($Z56="NO TARIFF LOADED","No tariff","No rate")))) | D56: =IF($X56="","",INDEX('Raw Data'!$F:$F,$X56)) | E56: =IF($Y56="","",IF(INDEX('Flight Rates'!$K:$K,$Y56)="","",INDEX('Flight Rates'!$K:$K,$Y56)+N($T56)+N($U56))) | F56: =IF($Y56="","",IF(INDEX('Flight Rates'!$L:$L,$Y56)="","",INDEX('Flight Rates'!$L:$L,$Y56)+N($T56)+N($U56))) | T56: =IF($Y56="","",N(INDEX('Flight Rates'!$S:$S,$Y56))) | U56: =IF(OR($Y56="",$C56="No tariff",$C56="No rate"),"",IFERROR(N(INDEX('Add-on Rates'!$C:$C,MATCH($A56,'Add-on Rates'!$A:$A,0))),0)) | X56: =IFERROR(SMALL('Raw Data'!$O$2:$O$1680,45),"") | Y56: =IF($X56="","",IFERROR(MATCH($B$3&"|"&$G$3&"|"&$B56&"|"&$D56,'Flight Rates'!$A:$A,0),"")) | Z56: =IF($Y56="","",INDEX('Flight Rates'!$P:$P,$Y56))
A57: =IF($X57="","",INDEX('Raw Data'!$D:$D,$X57)) | B57: =IF($X57="","",INDEX('Raw Data'!$E:$E,$X57)) | C57: =IF($X57="","",IF($Y57="","Not linked",IF(INDEX('Flight Rates'!$G:$G,$Y57)<>"",INDEX('Flight Rates'!$G:$G,$Y57),IF($Z57="NO TARIFF LOADED","No tariff","No rate")))) | D57: =IF($X57="","",INDEX('Raw Data'!$F:$F,$X57)) | E57: =IF($Y57="","",IF(INDEX('Flight Rates'!$K:$K,$Y57)="","",INDEX('Flight Rates'!$K:$K,$Y57)+N($T57)+N($U57))) | F57: =IF($Y57="","",IF(INDEX('Flight Rates'!$L:$L,$Y57)="","",INDEX('Flight Rates'!$L:$L,$Y57)+N($T57)+N($U57))) | T57: =IF($Y57="","",N(INDEX('Flight Rates'!$S:$S,$Y57))) | U57: =IF(OR($Y57="",$C57="No tariff",$C57="No rate"),"",IFERROR(N(INDEX('Add-on Rates'!$C:$C,MATCH($A57,'Add-on Rates'!$A:$A,0))),0)) | X57: =IFERROR(SMALL('Raw Data'!$O$2:$O$1680,46),"") | Y57: =IF($X57="","",IFERROR(MATCH($B$3&"|"&$G$3&"|"&$B57&"|"&$D57,'Flight Rates'!$A:$A,0),"")) | Z57: =IF($Y57="","",INDEX('Flight Rates'!$P:$P,$Y57))
A58: =IF($X58="","",INDEX('Raw Data'!$D:$D,$X58)) | B58: =IF($X58="","",INDEX('Raw Data'!$E:$E,$X58)) | C58: =IF($X58="","",IF($Y58="","Not linked",IF(INDEX('Flight Rates'!$G:$G,$Y58)<>"",INDEX('Flight Rates'!$G:$G,$Y58),IF($Z58="NO TARIFF LOADED","No tariff","No rate")))) | D58: =IF($X58="","",INDEX('Raw Data'!$F:$F,$X58)) | E58: =IF($Y58="","",IF(INDEX('Flight Rates'!$K:$K,$Y58)="","",INDEX('Flight Rates'!$K:$K,$Y58)+N($T58)+N($U58))) | F58: =IF($Y58="","",IF(INDEX('Flight Rates'!$L:$L,$Y58)="","",INDEX('Flight Rates'!$L:$L,$Y58)+N($T58)+N($U58))) | T58: =IF($Y58="","",N(INDEX('Flight Rates'!$S:$S,$Y58))) | U58: =IF(OR($Y58="",$C58="No tariff",$C58="No rate"),"",IFERROR(N(INDEX('Add-on Rates'!$C:$C,MATCH($A58,'Add-on Rates'!$A:$A,0))),0)) | X58: =IFERROR(SMALL('Raw Data'!$O$2:$O$1680,47),"") | Y58: =IF($X58="","",IFERROR(MATCH($B$3&"|"&$G$3&"|"&$B58&"|"&$D58,'Flight Rates'!$A:$A,0),"")) | Z58: =IF($Y58="","",INDEX('Flight Rates'!$P:$P,$Y58))
A59: =IF($X59="","",INDEX('Raw Data'!$D:$D,$X59)) | B59: =IF($X59="","",INDEX('Raw Data'!$E:$E,$X59)) | C59: =IF($X59="","",IF($Y59="","Not linked",IF(INDEX('Flight Rates'!$G:$G,$Y59)<>"",INDEX('Flight Rates'!$G:$G,$Y59),IF($Z59="NO TARIFF LOADED","No tariff","No rate")))) | D59: =IF($X59="","",INDEX('Raw Data'!$F:$F,$X59)) | E59: =IF($Y59="","",IF(INDEX('Flight Rates'!$K:$K,$Y59)="","",INDEX('Flight Rates'!$K:$K,$Y59)+N($T59)+N($U59))) | F59: =IF($Y59="","",IF(INDEX('Flight Rates'!$L:$L,$Y59)="","",INDEX('Flight Rates'!$L:$L,$Y59)+N($T59)+N($U59))) | T59: =IF($Y59="","",N(INDEX('Flight Rates'!$S:$S,$Y59))) | U59: =IF(OR($Y59="",$C59="No tariff",$C59="No rate"),"",IFERROR(N(INDEX('Add-on Rates'!$C:$C,MATCH($A59,'Add-on Rates'!$A:$A,0))),0)) | X59: =IFERROR(SMALL('Raw Data'!$O$2:$O$1680,48),"") | Y59: =IF($X59="","",IFERROR(MATCH($B$3&"|"&$G$3&"|"&$B59&"|"&$D59,'Flight Rates'!$A:$A,0),"")) | Z59: =IF($Y59="","",INDEX('Flight Rates'!$P:$P,$Y59))
A60: =IF($X60="","",INDEX('Raw Data'!$D:$D,$X60)) | B60: =IF($X60="","",INDEX('Raw Data'!$E:$E,$X60)) | C60: =IF($X60="","",IF($Y60="","Not linked",IF(INDEX('Flight Rates'!$G:$G,$Y60)<>"",INDEX('Flight Rates'!$G:$G,$Y60),IF($Z60="NO TARIFF LOADED","No tariff","No rate")))) | D60: =IF($X60="","",INDEX('Raw Data'!$F:$F,$X60)) | E60: =IF($Y60="","",IF(INDEX('Flight Rates'!$K:$K,$Y60)="","",INDEX('Flight Rates'!$K:$K,$Y60)+N($T60)+N($U60))) | F60: =IF($Y60="","",IF(INDEX('Flight Rates'!$L:$L,$Y60)="","",INDEX('Flight Rates'!$L:$L,$Y60)+N($T60)+N($U60))) | T60: =IF($Y60="","",N(INDEX('Flight Rates'!$S:$S,$Y60))) | U60: =IF(OR($Y60="",$C60="No tariff",$C60="No rate"),"",IFERROR(N(INDEX('Add-on Rates'!$C:$C,MATCH($A60,'Add-on Rates'!$A:$A,0))),0)) | X60: =IFERROR(SMALL('Raw Data'!$O$2:$O$1680,49),"") | Y60: =IF($X60="","",IFERROR(MATCH($B$3&"|"&$G$3&"|"&$B60&"|"&$D60,'Flight Rates'!$A:$A,0),"")) | Z60: =IF($Y60="","",INDEX('Flight Rates'!$P:$P,$Y60))
A61: =IF($X61="","",INDEX('Raw Data'!$D:$D,$X61)) | B61: =IF($X61="","",INDEX('Raw Data'!$E:$E,$X61)) | C61: =IF($X61="","",IF($Y61="","Not linked",IF(INDEX('Flight Rates'!$G:$G,$Y61)<>"",INDEX('Flight Rates'!$G:$G,$Y61),IF($Z61="NO TARIFF LOADED","No tariff","No rate")))) | D61: =IF($X61="","",INDEX('Raw Data'!$F:$F,$X61)) | E61: =IF($Y61="","",IF(INDEX('Flight Rates'!$K:$K,$Y61)="","",INDEX('Flight Rates'!$K:$K,$Y61)+N($T61)+N($U61))) | F61: =IF($Y61="","",IF(INDEX('Flight Rates'!$L:$L,$Y61)="","",INDEX('Flight Rates'!$L:$L,$Y61)+N($T61)+N($U61))) | T61: =IF($Y61="","",N(INDEX('Flight Rates'!$S:$S,$Y61))) | U61: =IF(OR($Y61="",$C61="No tariff",$C61="No rate"),"",IFERROR(N(INDEX('Add-on Rates'!$C:$C,MATCH($A61,'Add-on Rates'!$A:$A,0))),0)) | X61: =IFERROR(SMALL('Raw Data'!$O$2:$O$1680,50),"") | Y61: =IF($X61="","",IFERROR(MATCH($B$3&"|"&$G$3&"|"&$B61&"|"&$D61,'Flight Rates'!$A:$A,0),"")) | Z61: =IF($Y61="","",INDEX('Flight Rates'!$P:$P,$Y61))
A62: =IF($X62="","",INDEX('Raw Data'!$D:$D,$X62)) | B62: =IF($X62="","",INDEX('Raw Data'!$E:$E,$X62)) | C62: =IF($X62="","",IF($Y62="","Not linked",IF(INDEX('Flight Rates'!$G:$G,$Y62)<>"",INDEX('Flight Rates'!$G:$G,$Y62),IF($Z62="NO TARIFF LOADED","No tariff","No rate")))) | D62: =IF($X62="","",INDEX('Raw Data'!$F:$F,$X62)) | E62: =IF($Y62="","",IF(INDEX('Flight Rates'!$K:$K,$Y62)="","",INDEX('Flight Rates'!$K:$K,$Y62)+N($T62)+N($U62))) | F62: =IF($Y62="","",IF(INDEX('Flight Rates'!$L:$L,$Y62)="","",INDEX('Flight Rates'!$L:$L,$Y62)+N($T62)+N($U62))) | T62: =IF($Y62="","",N(INDEX('Flight Rates'!$S:$S,$Y62))) | U62: =IF(OR($Y62="",$C62="No tariff",$C62="No rate"),"",IFERROR(N(INDEX('Add-on Rates'!$C:$C,MATCH($A62,'Add-on Rates'!$A:$A,0))),0)) | X62: =IFERROR(SMALL('Raw Data'!$O$2:$O$1680,51),"") | Y62: =IF($X62="","",IFERROR(MATCH($B$3&"|"&$G$3&"|"&$B62&"|"&$D62,'Flight Rates'!$A:$A,0),"")) | Z62: =IF($Y62="","",INDEX('Flight Rates'!$P:$P,$Y62))
A63: =IF($X63="","",INDEX('Raw Data'!$D:$D,$X63)) | B63: =IF($X63="","",INDEX('Raw Data'!$E:$E,$X63)) | C63: =IF($X63="","",IF($Y63="","Not linked",IF(INDEX('Flight Rates'!$G:$G,$Y63)<>"",INDEX('Flight Rates'!$G:$G,$Y63),IF($Z63="NO TARIFF LOADED","No tariff","No rate")))) | D63: =IF($X63="","",INDEX('Raw Data'!$F:$F,$X63)) | E63: =IF($Y63="","",IF(INDEX('Flight Rates'!$K:$K,$Y63)="","",INDEX('Flight Rates'!$K:$K,$Y63)+N($T63)+N($U63))) | F63: =IF($Y63="","",IF(INDEX('Flight Rates'!$L:$L,$Y63)="","",INDEX('Flight Rates'!$L:$L,$Y63)+N($T63)+N($U63))) | T63: =IF($Y63="","",N(INDEX('Flight Rates'!$S:$S,$Y63))) | U63: =IF(OR($Y63="",$C63="No tariff",$C63="No rate"),"",IFERROR(N(INDEX('Add-on Rates'!$C:$C,MATCH($A63,'Add-on Rates'!$A:$A,0))),0)) | X63: =IFERROR(SMALL('Raw Data'!$O$2:$O$1680,52),"") | Y63: =IF($X63="","",IFERROR(MATCH($B$3&"|"&$G$3&"|"&$B63&"|"&$D63,'Flight Rates'!$A:$A,0),"")) | Z63: =IF($Y63="","",INDEX('Flight Rates'!$P:$P,$Y63))
A64: =IF($X64="","",INDEX('Raw Data'!$D:$D,$X64)) | B64: =IF($X64="","",INDEX('Raw Data'!$E:$E,$X64)) | C64: =IF($X64="","",IF($Y64="","Not linked",IF(INDEX('Flight Rates'!$G:$G,$Y64)<>"",INDEX('Flight Rates'!$G:$G,$Y64),IF($Z64="NO TARIFF LOADED","No tariff","No rate")))) | D64: =IF($X64="","",INDEX('Raw Data'!$F:$F,$X64)) | E64: =IF($Y64="","",IF(INDEX('Flight Rates'!$K:$K,$Y64)="","",INDEX('Flight Rates'!$K:$K,$Y64)+N($T64)+N($U64))) | F64: =IF($Y64="","",IF(INDEX('Flight Rates'!$L:$L,$Y64)="","",INDEX('Flight Rates'!$L:$L,$Y64)+N($T64)+N($U64))) | T64: =IF($Y64="","",N(INDEX('Flight Rates'!$S:$S,$Y64))) | U64: =IF(OR($Y64="",$C64="No tariff",$C64="No rate"),"",IFERROR(N(INDEX('Add-on Rates'!$C:$C,MATCH($A64,'Add-on Rates'!$A:$A,0))),0)) | X64: =IFERROR(SMALL('Raw Data'!$O$2:$O$1680,53),"") | Y64: =IF($X64="","",IFERROR(MATCH($B$3&"|"&$G$3&"|"&$B64&"|"&$D64,'Flight Rates'!$A:$A,0),"")) | Z64: =IF($Y64="","",INDEX('Flight Rates'!$P:$P,$Y64))
A65: =IF($X65="","",INDEX('Raw Data'!$D:$D,$X65)) | B65: =IF($X65="","",INDEX('Raw Data'!$E:$E,$X65)) | C65: =IF($X65="","",IF($Y65="","Not linked",IF(INDEX('Flight Rates'!$G:$G,$Y65)<>"",INDEX('Flight Rates'!$G:$G,$Y65),IF($Z65="NO TARIFF LOADED","No tariff","No rate")))) | D65: =IF($X65="","",INDEX('Raw Data'!$F:$F,$X65)) | E65: =IF($Y65="","",IF(INDEX('Flight Rates'!$K:$K,$Y65)="","",INDEX('Flight Rates'!$K:$K,$Y65)+N($T65)+N($U65))) | F65: =IF($Y65="","",IF(INDEX('Flight Rates'!$L:$L,$Y65)="","",INDEX('Flight Rates'!$L:$L,$Y65)+N($T65)+N($U65))) | T65: =IF($Y65="","",N(INDEX('Flight Rates'!$S:$S,$Y65))) | U65: =IF(OR($Y65="",$C65="No tariff",$C65="No rate"),"",IFERROR(N(INDEX('Add-on Rates'!$C:$C,MATCH($A65,'Add-on Rates'!$A:$A,0))),0)) | X65: =IFERROR(SMALL('Raw Data'!$O$2:$O$1680,54),"") | Y65: =IF($X65="","",IFERROR(MATCH($B$3&"|"&$G$3&"|"&$B65&"|"&$D65,'Flight Rates'!$A:$A,0),"")) | Z65: =IF($Y65="","",INDEX('Flight Rates'!$P:$P,$Y65))
A66: =IF($X66="","",INDEX('Raw Data'!$D:$D,$X66)) | B66: =IF($X66="","",INDEX('Raw Data'!$E:$E,$X66)) | C66: =IF($X66="","",IF($Y66="","Not linked",IF(INDEX('Flight Rates'!$G:$G,$Y66)<>"",INDEX('Flight Rates'!$G:$G,$Y66),IF($Z66="NO TARIFF LOADED","No tariff","No rate")))) | D66: =IF($X66="","",INDEX('Raw Data'!$F:$F,$X66)) | E66: =IF($Y66="","",IF(INDEX('Flight Rates'!$K:$K,$Y66)="","",INDEX('Flight Rates'!$K:$K,$Y66)+N($T66)+N($U66))) | F66: =IF($Y66="","",IF(INDEX('Flight Rates'!$L:$L,$Y66)="","",INDEX('Flight Rates'!$L:$L,$Y66)+N($T66)+N($U66))) | T66: =IF($Y66="","",N(INDEX('Flight Rates'!$S:$S,$Y66))) | U66: =IF(OR($Y66="",$C66="No tariff",$C66="No rate"),"",IFERROR(N(INDEX('Add-on Rates'!$C:$C,MATCH($A66,'Add-on Rates'!$A:$A,0))),0)) | X66: =IFERROR(SMALL('Raw Data'!$O$2:$O$1680,55),"") | Y66: =IF($X66="","",IFERROR(MATCH($B$3&"|"&$G$3&"|"&$B66&"|"&$D66,'Flight Rates'!$A:$A,0),"")) | Z66: =IF($Y66="","",INDEX('Flight Rates'!$P:$P,$Y66))
A67: =IF($X67="","",INDEX('Raw Data'!$D:$D,$X67)) | B67: =IF($X67="","",INDEX('Raw Data'!$E:$E,$X67)) | C67: =IF($X67="","",IF($Y67="","Not linked",IF(INDEX('Flight Rates'!$G:$G,$Y67)<>"",INDEX('Flight Rates'!$G:$G,$Y67),IF($Z67="NO TARIFF LOADED","No tariff","No rate")))) | D67: =IF($X67="","",INDEX('Raw Data'!$F:$F,$X67)) | E67: =IF($Y67="","",IF(INDEX('Flight Rates'!$K:$K,$Y67)="","",INDEX('Flight Rates'!$K:$K,$Y67)+N($T67)+N($U67))) | F67: =IF($Y67="","",IF(INDEX('Flight Rates'!$L:$L,$Y67)="","",INDEX('Flight Rates'!$L:$L,$Y67)+N($T67)+N($U67))) | T67: =IF($Y67="","",N(INDEX('Flight Rates'!$S:$S,$Y67))) | U67: =IF(OR($Y67="",$C67="No tariff",$C67="No rate"),"",IFERROR(N(INDEX('Add-on Rates'!$C:$C,MATCH($A67,'Add-on Rates'!$A:$A,0))),0)) | X67: =IFERROR(SMALL('Raw Data'!$O$2:$O$1680,56),"") | Y67: =IF($X67="","",IFERROR(MATCH($B$3&"|"&$G$3&"|"&$B67&"|"&$D67,'Flight Rates'!$A:$A,0),"")) | Z67: =IF($Y67="","",INDEX('Flight Rates'!$P:$P,$Y67))
A68: =IF($X68="","",INDEX('Raw Data'!$D:$D,$X68)) | B68: =IF($X68="","",INDEX('Raw Data'!$E:$E,$X68)) | C68: =IF($X68="","",IF($Y68="","Not linked",IF(INDEX('Flight Rates'!$G:$G,$Y68)<>"",INDEX('Flight Rates'!$G:$G,$Y68),IF($Z68="NO TARIFF LOADED","No tariff","No rate")))) | D68: =IF($X68="","",INDEX('Raw Data'!$F:$F,$X68)) | E68: =IF($Y68="","",IF(INDEX('Flight Rates'!$K:$K,$Y68)="","",INDEX('Flight Rates'!$K:$K,$Y68)+N($T68)+N($U68))) | F68: =IF($Y68="","",IF(INDEX('Flight Rates'!$L:$L,$Y68)="","",INDEX('Flight Rates'!$L:$L,$Y68)+N($T68)+N($U68))) | T68: =IF($Y68="","",N(INDEX('Flight Rates'!$S:$S,$Y68))) | U68: =IF(OR($Y68="",$C68="No tariff",$C68="No rate"),"",IFERROR(N(INDEX('Add-on Rates'!$C:$C,MATCH($A68,'Add-on Rates'!$A:$A,0))),0)) | X68: =IFERROR(SMALL('Raw Data'!$O$2:$O$1680,57),"") | Y68: =IF($X68="","",IFERROR(MATCH($B$3&"|"&$G$3&"|"&$B68&"|"&$D68,'Flight Rates'!$A:$A,0),"")) | Z68: =IF($Y68="","",INDEX('Flight Rates'!$P:$P,$Y68))
A69: =IF($X69="","",INDEX('Raw Data'!$D:$D,$X69)) | B69: =IF($X69="","",INDEX('Raw Data'!$E:$E,$X69)) | C69: =IF($X69="","",IF($Y69="","Not linked",IF(INDEX('Flight Rates'!$G:$G,$Y69)<>"",INDEX('Flight Rates'!$G:$G,$Y69),IF($Z69="NO TARIFF LOADED","No tariff","No rate")))) | D69: =IF($X69="","",INDEX('Raw Data'!$F:$F,$X69)) | E69: =IF($Y69="","",IF(INDEX('Flight Rates'!$K:$K,$Y69)="","",INDEX('Flight Rates'!$K:$K,$Y69)+N($T69)+N($U69))) | F69: =IF($Y69="","",IF(INDEX('Flight Rates'!$L:$L,$Y69)="","",INDEX('Flight Rates'!$L:$L,$Y69)+N($T69)+N($U69))) | T69: =IF($Y69="","",N(INDEX('Flight Rates'!$S:$S,$Y69))) | U69: =IF(OR($Y69="",$C69="No tariff",$C69="No rate"),"",IFERROR(N(INDEX('Add-on Rates'!$C:$C,MATCH($A69,'Add-on Rates'!$A:$A,0))),0)) | X69: =IFERROR(SMALL('Raw Data'!$O$2:$O$1680,58),"") | Y69: =IF($X69="","",IFERROR(MATCH($B$3&"|"&$G$3&"|"&$B69&"|"&$D69,'Flight Rates'!$A:$A,0),"")) | Z69: =IF($Y69="","",INDEX('Flight Rates'!$P:$P,$Y69))
A70: =IF($X70="","",INDEX('Raw Data'!$D:$D,$X70)) | B70: =IF($X70="","",INDEX('Raw Data'!$E:$E,$X70)) | C70: =IF($X70="","",IF($Y70="","Not linked",IF(INDEX('Flight Rates'!$G:$G,$Y70)<>"",INDEX('Flight Rates'!$G:$G,$Y70),IF($Z70="NO TARIFF LOADED","No tariff","No rate")))) | D70: =IF($X70="","",INDEX('Raw Data'!$F:$F,$X70)) | E70: =IF($Y70="","",IF(INDEX('Flight Rates'!$K:$K,$Y70)="","",INDEX('Flight Rates'!$K:$K,$Y70)+N($T70)+N($U70))) | F70: =IF($Y70="","",IF(INDEX('Flight Rates'!$L:$L,$Y70)="","",INDEX('Flight Rates'!$L:$L,$Y70)+N($T70)+N($U70))) | T70: =IF($Y70="","",N(INDEX('Flight Rates'!$S:$S,$Y70))) | U70: =IF(OR($Y70="",$C70="No tariff",$C70="No rate"),"",IFERROR(N(INDEX('Add-on Rates'!$C:$C,MATCH($A70,'Add-on Rates'!$A:$A,0))),0)) | X70: =IFERROR(SMALL('Raw Data'!$O$2:$O$1680,59),"") | Y70: =IF($X70="","",IFERROR(MATCH($B$3&"|"&$G$3&"|"&$B70&"|"&$D70,'Flight Rates'!$A:$A,0),"")) | Z70: =IF($Y70="","",INDEX('Flight Rates'!$P:$P,$Y70))
A71: =IF($X71="","",INDEX('Raw Data'!$D:$D,$X71)) | B71: =IF($X71="","",INDEX('Raw Data'!$E:$E,$X71)) | C71: =IF($X71="","",IF($Y71="","Not linked",IF(INDEX('Flight Rates'!$G:$G,$Y71)<>"",INDEX('Flight Rates'!$G:$G,$Y71),IF($Z71="NO TARIFF LOADED","No tariff","No rate")))) | D71: =IF($X71="","",INDEX('Raw Data'!$F:$F,$X71)) | E71: =IF($Y71="","",IF(INDEX('Flight Rates'!$K:$K,$Y71)="","",INDEX('Flight Rates'!$K:$K,$Y71)+N($T71)+N($U71))) | F71: =IF($Y71="","",IF(INDEX('Flight Rates'!$L:$L,$Y71)="","",INDEX('Flight Rates'!$L:$L,$Y71)+N($T71)+N($U71))) | T71: =IF($Y71="","",N(INDEX('Flight Rates'!$S:$S,$Y71))) | U71: =IF(OR($Y71="",$C71="No tariff",$C71="No rate"),"",IFERROR(N(INDEX('Add-on Rates'!$C:$C,MATCH($A71,'Add-on Rates'!$A:$A,0))),0)) | X71: =IFERROR(SMALL('Raw Data'!$O$2:$O$1680,60),"") | Y71: =IF($X71="","",IFERROR(MATCH($B$3&"|"&$G$3&"|"&$B71&"|"&$D71,'Flight Rates'!$A:$A,0),"")) | Z71: =IF($Y71="","",INDEX('Flight Rates'!$P:$P,$Y71))
A72: =IF($X72="","",INDEX('Raw Data'!$D:$D,$X72)) | B72: =IF($X72="","",INDEX('Raw Data'!$E:$E,$X72)) | C72: =IF($X72="","",IF($Y72="","Not linked",IF(INDEX('Flight Rates'!$G:$G,$Y72)<>"",INDEX('Flight Rates'!$G:$G,$Y72),IF($Z72="NO TARIFF LOADED","No tariff","No rate")))) | D72: =IF($X72="","",INDEX('Raw Data'!$F:$F,$X72)) | E72: =IF($Y72="","",IF(INDEX('Flight Rates'!$K:$K,$Y72)="","",INDEX('Flight Rates'!$K:$K,$Y72)+N($T72)+N($U72))) | F72: =IF($Y72="","",IF(INDEX('Flight Rates'!$L:$L,$Y72)="","",INDEX('Flight Rates'!$L:$L,$Y72)+N($T72)+N($U72))) | T72: =IF($Y72="","",N(INDEX('Flight Rates'!$S:$S,$Y72))) | U72: =IF(OR($Y72="",$C72="No tariff",$C72="No rate"),"",IFERROR(N(INDEX('Add-on Rates'!$C:$C,MATCH($A72,'Add-on Rates'!$A:$A,0))),0)) | X72: =IFERROR(SMALL('Raw Data'!$O$2:$O$1680,61),"") | Y72: =IF($X72="","",IFERROR(MATCH($B$3&"|"&$G$3&"|"&$B72&"|"&$D72,'Flight Rates'!$A:$A,0),"")) | Z72: =IF($Y72="","",INDEX('Flight Rates'!$P:$P,$Y72))
A73: =IF($X73="","",INDEX('Raw Data'!$D:$D,$X73)) | B73: =IF($X73="","",INDEX('Raw Data'!$E:$E,$X73)) | C73: =IF($X73="","",IF($Y73="","Not linked",IF(INDEX('Flight Rates'!$G:$G,$Y73)<>"",INDEX('Flight Rates'!$G:$G,$Y73),IF($Z73="NO TARIFF LOADED","No tariff","No rate")))) | D73: =IF($X73="","",INDEX('Raw Data'!$F:$F,$X73)) | E73: =IF($Y73="","",IF(INDEX('Flight Rates'!$K:$K,$Y73)="","",INDEX('Flight Rates'!$K:$K,$Y73)+N($T73)+N($U73))) | F73: =IF($Y73="","",IF(INDEX('Flight Rates'!$L:$L,$Y73)="","",INDEX('Flight Rates'!$L:$L,$Y73)+N($T73)+N($U73))) | T73: =IF($Y73="","",N(INDEX('Flight Rates'!$S:$S,$Y73))) | U73: =IF(OR($Y73="",$C73="No tariff",$C73="No rate"),"",IFERROR(N(INDEX('Add-on Rates'!$C:$C,MATCH($A73,'Add-on Rates'!$A:$A,0))),0)) | X73: =IFERROR(SMALL('Raw Data'!$O$2:$O$1680,62),"") | Y73: =IF($X73="","",IFERROR(MATCH($B$3&"|"&$G$3&"|"&$B73&"|"&$D73,'Flight Rates'!$A:$A,0),"")) | Z73: =IF($Y73="","",INDEX('Flight Rates'!$P:$P,$Y73))
A74: =IF($X74="","",INDEX('Raw Data'!$D:$D,$X74)) | B74: =IF($X74="","",INDEX('Raw Data'!$E:$E,$X74)) | C74: =IF($X74="","",IF($Y74="","Not linked",IF(INDEX('Flight Rates'!$G:$G,$Y74)<>"",INDEX('Flight Rates'!$G:$G,$Y74),IF($Z74="NO TARIFF LOADED","No tariff","No rate")))) | D74: =IF($X74="","",INDEX('Raw Data'!$F:$F,$X74)) | E74: =IF($Y74="","",IF(INDEX('Flight Rates'!$K:$K,$Y74)="","",INDEX('Flight Rates'!$K:$K,$Y74)+N($T74)+N($U74))) | F74: =IF($Y74="","",IF(INDEX('Flight Rates'!$L:$L,$Y74)="","",INDEX('Flight Rates'!$L:$L,$Y74)+N($T74)+N($U74))) | T74: =IF($Y74="","",N(INDEX('Flight Rates'!$S:$S,$Y74))) | U74: =IF(OR($Y74="",$C74="No tariff",$C74="No rate"),"",IFERROR(N(INDEX('Add-on Rates'!$C:$C,MATCH($A74,'Add-on Rates'!$A:$A,0))),0)) | X74: =IFERROR(SMALL('Raw Data'!$O$2:$O$1680,63),"") | Y74: =IF($X74="","",IFERROR(MATCH($B$3&"|"&$G$3&"|"&$B74&"|"&$D74,'Flight Rates'!$A:$A,0),"")) | Z74: =IF($Y74="","",INDEX('Flight Rates'!$P:$P,$Y74))
A75: =IF($X75="","",INDEX('Raw Data'!$D:$D,$X75)) | B75: =IF($X75="","",INDEX('Raw Data'!$E:$E,$X75)) | C75: =IF($X75="","",IF($Y75="","Not linked",IF(INDEX('Flight Rates'!$G:$G,$Y75)<>"",INDEX('Flight Rates'!$G:$G,$Y75),IF($Z75="NO TARIFF LOADED","No tariff","No rate")))) | D75: =IF($X75="","",INDEX('Raw Data'!$F:$F,$X75)) | E75: =IF($Y75="","",IF(INDEX('Flight Rates'!$K:$K,$Y75)="","",INDEX('Flight Rates'!$K:$K,$Y75)+N($T75)+N($U75))) | F75: =IF($Y75="","",IF(INDEX('Flight Rates'!$L:$L,$Y75)="","",INDEX('Flight Rates'!$L:$L,$Y75)+N($T75)+N($U75))) | T75: =IF($Y75="","",N(INDEX('Flight Rates'!$S:$S,$Y75))) | U75: =IF(OR($Y75="",$C75="No tariff",$C75="No rate"),"",IFERROR(N(INDEX('Add-on Rates'!$C:$C,MATCH($A75,'Add-on Rates'!$A:$A,0))),0)) | X75: =IFERROR(SMALL('Raw Data'!$O$2:$O$1680,64),"") | Y75: =IF($X75="","",IFERROR(MATCH($B$3&"|"&$G$3&"|"&$B75&"|"&$D75,'Flight Rates'!$A:$A,0),"")) | Z75: =IF($Y75="","",INDEX('Flight Rates'!$P:$P,$Y75))
A76: =IF($X76="","",INDEX('Raw Data'!$D:$D,$X76)) | B76: =IF($X76="","",INDEX('Raw Data'!$E:$E,$X76)) | C76: =IF($X76="","",IF($Y76="","Not linked",IF(INDEX('Flight Rates'!$G:$G,$Y76)<>"",INDEX('Flight Rates'!$G:$G,$Y76),IF($Z76="NO TARIFF LOADED","No tariff","No rate")))) | D76: =IF($X76="","",INDEX('Raw Data'!$F:$F,$X76)) | E76: =IF($Y76="","",IF(INDEX('Flight Rates'!$K:$K,$Y76)="","",INDEX('Flight Rates'!$K:$K,$Y76)+N($T76)+N($U76))) | F76: =IF($Y76="","",IF(INDEX('Flight Rates'!$L:$L,$Y76)="","",INDEX('Flight Rates'!$L:$L,$Y76)+N($T76)+N($U76))) | T76: =IF($Y76="","",N(INDEX('Flight Rates'!$S:$S,$Y76))) | U76: =IF(OR($Y76="",$C76="No tariff",$C76="No rate"),"",IFERROR(N(INDEX('Add-on Rates'!$C:$C,MATCH($A76,'Add-on Rates'!$A:$A,0))),0)) | X76: =IFERROR(SMALL('Raw Data'!$O$2:$O$1680,65),"") | Y76: =IF($X76="","",IFERROR(MATCH($B$3&"|"&$G$3&"|"&$B76&"|"&$D76,'Flight Rates'!$A:$A,0),"")) | Z76: =IF($Y76="","",INDEX('Flight Rates'!$P:$P,$Y76))
A77: =IF($X77="","",INDEX('Raw Data'!$D:$D,$X77)) | B77: =IF($X77="","",INDEX('Raw Data'!$E:$E,$X77)) | C77: =IF($X77="","",IF($Y77="","Not linked",IF(INDEX('Flight Rates'!$G:$G,$Y77)<>"",INDEX('Flight Rates'!$G:$G,$Y77),IF($Z77="NO TARIFF LOADED","No tariff","No rate")))) | D77: =IF($X77="","",INDEX('Raw Data'!$F:$F,$X77)) | E77: =IF($Y77="","",IF(INDEX('Flight Rates'!$K:$K,$Y77)="","",INDEX('Flight Rates'!$K:$K,$Y77)+N($T77)+N($U77))) | F77: =IF($Y77="","",IF(INDEX('Flight Rates'!$L:$L,$Y77)="","",INDEX('Flight Rates'!$L:$L,$Y77)+N($T77)+N($U77))) | T77: =IF($Y77="","",N(INDEX('Flight Rates'!$S:$S,$Y77))) | U77: =IF(OR($Y77="",$C77="No tariff",$C77="No rate"),"",IFERROR(N(INDEX('Add-on Rates'!$C:$C,MATCH($A77,'Add-on Rates'!$A:$A,0))),0)) | X77: =IFERROR(SMALL('Raw Data'!$O$2:$O$1680,66),"") | Y77: =IF($X77="","",IFERROR(MATCH($B$3&"|"&$G$3&"|"&$B77&"|"&$D77,'Flight Rates'!$A:$A,0),"")) | Z77: =IF($Y77="","",INDEX('Flight Rates'!$P:$P,$Y77))
A78: =IF($X78="","",INDEX('Raw Data'!$D:$D,$X78)) | B78: =IF($X78="","",INDEX('Raw Data'!$E:$E,$X78)) | C78: =IF($X78="","",IF($Y78="","Not linked",IF(INDEX('Flight Rates'!$G:$G,$Y78)<>"",INDEX('Flight Rates'!$G:$G,$Y78),IF($Z78="NO TARIFF LOADED","No tariff","No rate")))) | D78: =IF($X78="","",INDEX('Raw Data'!$F:$F,$X78)) | E78: =IF($Y78="","",IF(INDEX('Flight Rates'!$K:$K,$Y78)="","",INDEX('Flight Rates'!$K:$K,$Y78)+N($T78)+N($U78))) | F78: =IF($Y78="","",IF(INDEX('Flight Rates'!$L:$L,$Y78)="","",INDEX('Flight Rates'!$L:$L,$Y78)+N($T78)+N($U78))) | T78: =IF($Y78="","",N(INDEX('Flight Rates'!$S:$S,$Y78))) | U78: =IF(OR($Y78="",$C78="No tariff",$C78="No rate"),"",IFERROR(N(INDEX('Add-on Rates'!$C:$C,MATCH($A78,'Add-on Rates'!$A:$A,0))),0)) | X78: =IFERROR(SMALL('Raw Data'!$O$2:$O$1680,67),"") | Y78: =IF($X78="","",IFERROR(MATCH($B$3&"|"&$G$3&"|"&$B78&"|"&$D78,'Flight Rates'!$A:$A,0),"")) | Z78: =IF($Y78="","",INDEX('Flight Rates'!$P:$P,$Y78))
A79: =IF($X79="","",INDEX('Raw Data'!$D:$D,$X79)) | B79: =IF($X79="","",INDEX('Raw Data'!$E:$E,$X79)) | C79: =IF($X79="","",IF($Y79="","Not linked",IF(INDEX('Flight Rates'!$G:$G,$Y79)<>"",INDEX('Flight Rates'!$G:$G,$Y79),IF($Z79="NO TARIFF LOADED","No tariff","No rate")))) | D79: =IF($X79="","",INDEX('Raw Data'!$F:$F,$X79)) | E79: =IF($Y79="","",IF(INDEX('Flight Rates'!$K:$K,$Y79)="","",INDEX('Flight Rates'!$K:$K,$Y79)+N($T79)+N($U79))) | F79: =IF($Y79="","",IF(INDEX('Flight Rates'!$L:$L,$Y79)="","",INDEX('Flight Rates'!$L:$L,$Y79)+N($T79)+N($U79))) | T79: =IF($Y79="","",N(INDEX('Flight Rates'!$S:$S,$Y79))) | U79: =IF(OR($Y79="",$C79="No tariff",$C79="No rate"),"",IFERROR(N(INDEX('Add-on Rates'!$C:$C,MATCH($A79,'Add-on Rates'!$A:$A,0))),0)) | X79: =IFERROR(SMALL('Raw Data'!$O$2:$O$1680,68),"") | Y79: =IF($X79="","",IFERROR(MATCH($B$3&"|"&$G$3&"|"&$B79&"|"&$D79,'Flight Rates'!$A:$A,0),"")) | Z79: =IF($Y79="","",INDEX('Flight Rates'!$P:$P,$Y79))
A80: =IF($X80="","",INDEX('Raw Data'!$D:$D,$X80)) | B80: =IF($X80="","",INDEX('Raw Data'!$E:$E,$X80)) | C80: =IF($X80="","",IF($Y80="","Not linked",IF(INDEX('Flight Rates'!$G:$G,$Y80)<>"",INDEX('Flight Rates'!$G:$G,$Y80),IF($Z80="NO TARIFF LOADED","No tariff","No rate")))) | D80: =IF($X80="","",INDEX('Raw Data'!$F:$F,$X80)) | E80: =IF($Y80="","",IF(INDEX('Flight Rates'!$K:$K,$Y80)="","",INDEX('Flight Rates'!$K:$K,$Y80)+N($T80)+N($U80))) | F80: =IF($Y80="","",IF(INDEX('Flight Rates'!$L:$L,$Y80)="","",INDEX('Flight Rates'!$L:$L,$Y80)+N($T80)+N($U80))) | T80: =IF($Y80="","",N(INDEX('Flight Rates'!$S:$S,$Y80))) | U80: =IF(OR($Y80="",$C80="No tariff",$C80="No rate"),"",IFERROR(N(INDEX('Add-on Rates'!$C:$C,MATCH($A80,'Add-on Rates'!$A:$A,0))),0)) | X80: =IFERROR(SMALL('Raw Data'!$O$2:$O$1680,69),"") | Y80: =IF($X80="","",IFERROR(MATCH($B$3&"|"&$G$3&"|"&$B80&"|"&$D80,'Flight Rates'!$A:$A,0),"")) | Z80: =IF($Y80="","",INDEX('Flight Rates'!$P:$P,$Y80))
A81: =IF($X81="","",INDEX('Raw Data'!$D:$D,$X81)) | B81: =IF($X81="","",INDEX('Raw Data'!$E:$E,$X81)) | C81: =IF($X81="","",IF($Y81="","Not linked",IF(INDEX('Flight Rates'!$G:$G,$Y81)<>"",INDEX('Flight Rates'!$G:$G,$Y81),IF($Z81="NO TARIFF LOADED","No tariff","No rate")))) | D81: =IF($X81="","",INDEX('Raw Data'!$F:$F,$X81)) | E81: =IF($Y81="","",IF(INDEX('Flight Rates'!$K:$K,$Y81)="","",INDEX('Flight Rates'!$K:$K,$Y81)+N($T81)+N($U81))) | F81: =IF($Y81="","",IF(INDEX('Flight Rates'!$L:$L,$Y81)="","",INDEX('Flight Rates'!$L:$L,$Y81)+N($T81)+N($U81))) | T81: =IF($Y81="","",N(INDEX('Flight Rates'!$S:$S,$Y81))) | U81: =IF(OR($Y81="",$C81="No tariff",$C81="No rate"),"",IFERROR(N(INDEX('Add-on Rates'!$C:$C,MATCH($A81,'Add-on Rates'!$A:$A,0))),0)) | X81: =IFERROR(SMALL('Raw Data'!$O$2:$O$1680,70),"") | Y81: =IF($X81="","",IFERROR(MATCH($B$3&"|"&$G$3&"|"&$B81&"|"&$D81,'Flight Rates'!$A:$A,0),"")) | Z81: =IF($Y81="","",INDEX('Flight Rates'!$P:$P,$Y81))
A82: =IF($X82="","",INDEX('Raw Data'!$D:$D,$X82)) | B82: =IF($X82="","",INDEX('Raw Data'!$E:$E,$X82)) | C82: =IF($X82="","",IF($Y82="","Not linked",IF(INDEX('Flight Rates'!$G:$G,$Y82)<>"",INDEX('Flight Rates'!$G:$G,$Y82),IF($Z82="NO TARIFF LOADED","No tariff","No rate")))) | D82: =IF($X82="","",INDEX('Raw Data'!$F:$F,$X82)) | E82: =IF($Y82="","",IF(INDEX('Flight Rates'!$K:$K,$Y82)="","",INDEX('Flight Rates'!$K:$K,$Y82)+N($T82)+N($U82))) | F82: =IF($Y82="","",IF(INDEX('Flight Rates'!$L:$L,$Y82)="","",INDEX('Flight Rates'!$L:$L,$Y82)+N($T82)+N($U82))) | T82: =IF($Y82="","",N(INDEX('Flight Rates'!$S:$S,$Y82))) | U82: =IF(OR($Y82="",$C82="No tariff",$C82="No rate"),"",IFERROR(N(INDEX('Add-on Rates'!$C:$C,MATCH($A82,'Add-on Rates'!$A:$A,0))),0)) | X82: =IFERROR(SMALL('Raw Data'!$O$2:$O$1680,71),"") | Y82: =IF($X82="","",IFERROR(MATCH($B$3&"|"&$G$3&"|"&$B82&"|"&$D82,'Flight Rates'!$A:$A,0),"")) | Z82: =IF($Y82="","",INDEX('Flight Rates'!$P:$P,$Y82))
A83: =IF($X83="","",INDEX('Raw Data'!$D:$D,$X83)) | B83: =IF($X83="","",INDEX('Raw Data'!$E:$E,$X83)) | C83: =IF($X83="","",IF($Y83="","Not linked",IF(INDEX('Flight Rates'!$G:$G,$Y83)<>"",INDEX('Flight Rates'!$G:$G,$Y83),IF($Z83="NO TARIFF LOADED","No tariff","No rate")))) | D83: =IF($X83="","",INDEX('Raw Data'!$F:$F,$X83)) | E83: =IF($Y83="","",IF(INDEX('Flight Rates'!$K:$K,$Y83)="","",INDEX('Flight Rates'!$K:$K,$Y83)+N($T83)+N($U83))) | F83: =IF($Y83="","",IF(INDEX('Flight Rates'!$L:$L,$Y83)="","",INDEX('Flight Rates'!$L:$L,$Y83)+N($T83)+N($U83))) | T83: =IF($Y83="","",N(INDEX('Flight Rates'!$S:$S,$Y83))) | U83: =IF(OR($Y83="",$C83="No tariff",$C83="No rate"),"",IFERROR(N(INDEX('Add-on Rates'!$C:$C,MATCH($A83,'Add-on Rates'!$A:$A,0))),0)) | X83: =IFERROR(SMALL('Raw Data'!$O$2:$O$1680,72),"") | Y83: =IF($X83="","",IFERROR(MATCH($B$3&"|"&$G$3&"|"&$B83&"|"&$D83,'Flight Rates'!$A:$A,0),"")) | Z83: =IF($Y83="","",INDEX('Flight Rates'!$P:$P,$Y83))
A84: =IF($X84="","",INDEX('Raw Data'!$D:$D,$X84)) | B84: =IF($X84="","",INDEX('Raw Data'!$E:$E,$X84)) | C84: =IF($X84="","",IF($Y84="","Not linked",IF(INDEX('Flight Rates'!$G:$G,$Y84)<>"",INDEX('Flight Rates'!$G:$G,$Y84),IF($Z84="NO TARIFF LOADED","No tariff","No rate")))) | D84: =IF($X84="","",INDEX('Raw Data'!$F:$F,$X84)) | E84: =IF($Y84="","",IF(INDEX('Flight Rates'!$K:$K,$Y84)="","",INDEX('Flight Rates'!$K:$K,$Y84)+N($T84)+N($U84))) | F84: =IF($Y84="","",IF(INDEX('Flight Rates'!$L:$L,$Y84)="","",INDEX('Flight Rates'!$L:$L,$Y84)+N($T84)+N($U84))) | T84: =IF($Y84="","",N(INDEX('Flight Rates'!$S:$S,$Y84))) | U84: =IF(OR($Y84="",$C84="No tariff",$C84="No rate"),"",IFERROR(N(INDEX('Add-on Rates'!$C:$C,MATCH($A84,'Add-on Rates'!$A:$A,0))),0)) | X84: =IFERROR(SMALL('Raw Data'!$O$2:$O$1680,73),"") | Y84: =IF($X84="","",IFERROR(MATCH($B$3&"|"&$G$3&"|"&$B84&"|"&$D84,'Flight Rates'!$A:$A,0),"")) | Z84: =IF($Y84="","",INDEX('Flight Rates'!$P:$P,$Y84))
A85: =IF($X85="","",INDEX('Raw Data'!$D:$D,$X85)) | B85: =IF($X85="","",INDEX('Raw Data'!$E:$E,$X85)) | C85: =IF($X85="","",IF($Y85="","Not linked",IF(INDEX('Flight Rates'!$G:$G,$Y85)<>"",INDEX('Flight Rates'!$G:$G,$Y85),IF($Z85="NO TARIFF LOADED","No tariff","No rate")))) | D85: =IF($X85="","",INDEX('Raw Data'!$F:$F,$X85)) | E85: =IF($Y85="","",IF(INDEX('Flight Rates'!$K:$K,$Y85)="","",INDEX('Flight Rates'!$K:$K,$Y85)+N($T85)+N($U85))) | F85: =IF($Y85="","",IF(INDEX('Flight Rates'!$L:$L,$Y85)="","",INDEX('Flight Rates'!$L:$L,$Y85)+N($T85)+N($U85))) | T85: =IF($Y85="","",N(INDEX('Flight Rates'!$S:$S,$Y85))) | U85: =IF(OR($Y85="",$C85="No tariff",$C85="No rate"),"",IFERROR(N(INDEX('Add-on Rates'!$C:$C,MATCH($A85,'Add-on Rates'!$A:$A,0))),0)) | X85: =IFERROR(SMALL('Raw Data'!$O$2:$O$1680,74),"") | Y85: =IF($X85="","",IFERROR(MATCH($B$3&"|"&$G$3&"|"&$B85&"|"&$D85,'Flight Rates'!$A:$A,0),"")) | Z85: =IF($Y85="","",INDEX('Flight Rates'!$P:$P,$Y85))
A86: =IF($X86="","",INDEX('Raw Data'!$D:$D,$X86)) | B86: =IF($X86="","",INDEX('Raw Data'!$E:$E,$X86)) | C86: =IF($X86="","",IF($Y86="","Not linked",IF(INDEX('Flight Rates'!$G:$G,$Y86)<>"",INDEX('Flight Rates'!$G:$G,$Y86),IF($Z86="NO TARIFF LOADED","No tariff","No rate")))) | D86: =IF($X86="","",INDEX('Raw Data'!$F:$F,$X86)) | E86: =IF($Y86="","",IF(INDEX('Flight Rates'!$K:$K,$Y86)="","",INDEX('Flight Rates'!$K:$K,$Y86)+N($T86)+N($U86))) | F86: =IF($Y86="","",IF(INDEX('Flight Rates'!$L:$L,$Y86)="","",INDEX('Flight Rates'!$L:$L,$Y86)+N($T86)+N($U86))) | T86: =IF($Y86="","",N(INDEX('Flight Rates'!$S:$S,$Y86))) | U86: =IF(OR($Y86="",$C86="No tariff",$C86="No rate"),"",IFERROR(N(INDEX('Add-on Rates'!$C:$C,MATCH($A86,'Add-on Rates'!$A:$A,0))),0)) | X86: =IFERROR(SMALL('Raw Data'!$O$2:$O$1680,75),"") | Y86: =IF($X86="","",IFERROR(MATCH($B$3&"|"&$G$3&"|"&$B86&"|"&$D86,'Flight Rates'!$A:$A,0),"")) | Z86: =IF($Y86="","",INDEX('Flight Rates'!$P:$P,$Y86))
A87: =IF($X87="","",INDEX('Raw Data'!$D:$D,$X87)) | B87: =IF($X87="","",INDEX('Raw Data'!$E:$E,$X87)) | C87: =IF($X87="","",IF($Y87="","Not linked",IF(INDEX('Flight Rates'!$G:$G,$Y87)<>"",INDEX('Flight Rates'!$G:$G,$Y87),IF($Z87="NO TARIFF LOADED","No tariff","No rate")))) | D87: =IF($X87="","",INDEX('Raw Data'!$F:$F,$X87)) | E87: =IF($Y87="","",IF(INDEX('Flight Rates'!$K:$K,$Y87)="","",INDEX('Flight Rates'!$K:$K,$Y87)+N($T87)+N($U87))) | F87: =IF($Y87="","",IF(INDEX('Flight Rates'!$L:$L,$Y87)="","",INDEX('Flight Rates'!$L:$L,$Y87)+N($T87)+N($U87))) | T87: =IF($Y87="","",N(INDEX('Flight Rates'!$S:$S,$Y87))) | U87: =IF(OR($Y87="",$C87="No tariff",$C87="No rate"),"",IFERROR(N(INDEX('Add-on Rates'!$C:$C,MATCH($A87,'Add-on Rates'!$A:$A,0))),0)) | X87: =IFERROR(SMALL('Raw Data'!$O$2:$O$1680,76),"") | Y87: =IF($X87="","",IFERROR(MATCH($B$3&"|"&$G$3&"|"&$B87&"|"&$D87,'Flight Rates'!$A:$A,0),"")) | Z87: =IF($Y87="","",INDEX('Flight Rates'!$P:$P,$Y87))
A88: =IF($X88="","",INDEX('Raw Data'!$D:$D,$X88)) | B88: =IF($X88="","",INDEX('Raw Data'!$E:$E,$X88)) | C88: =IF($X88="","",IF($Y88="","Not linked",IF(INDEX('Flight Rates'!$G:$G,$Y88)<>"",INDEX('Flight Rates'!$G:$G,$Y88),IF($Z88="NO TARIFF LOADED","No tariff","No rate")))) | D88: =IF($X88="","",INDEX('Raw Data'!$F:$F,$X88)) | E88: =IF($Y88="","",IF(INDEX('Flight Rates'!$K:$K,$Y88)="","",INDEX('Flight Rates'!$K:$K,$Y88)+N($T88)+N($U88))) | F88: =IF($Y88="","",IF(INDEX('Flight Rates'!$L:$L,$Y88)="","",INDEX('Flight Rates'!$L:$L,$Y88)+N($T88)+N($U88))) | T88: =IF($Y88="","",N(INDEX('Flight Rates'!$S:$S,$Y88))) | U88: =IF(OR($Y88="",$C88="No tariff",$C88="No rate"),"",IFERROR(N(INDEX('Add-on Rates'!$C:$C,MATCH($A88,'Add-on Rates'!$A:$A,0))),0)) | X88: =IFERROR(SMALL('Raw Data'!$O$2:$O$1680,77),"") | Y88: =IF($X88="","",IFERROR(MATCH($B$3&"|"&$G$3&"|"&$B88&"|"&$D88,'Flight Rates'!$A:$A,0),"")) | Z88: =IF($Y88="","",INDEX('Flight Rates'!$P:$P,$Y88))
A89: =IF($X89="","",INDEX('Raw Data'!$D:$D,$X89)) | B89: =IF($X89="","",INDEX('Raw Data'!$E:$E,$X89)) | C89: =IF($X89="","",IF($Y89="","Not linked",IF(INDEX('Flight Rates'!$G:$G,$Y89)<>"",INDEX('Flight Rates'!$G:$G,$Y89),IF($Z89="NO TARIFF LOADED","No tariff","No rate")))) | D89: =IF($X89="","",INDEX('Raw Data'!$F:$F,$X89)) | E89: =IF($Y89="","",IF(INDEX('Flight Rates'!$K:$K,$Y89)="","",INDEX('Flight Rates'!$K:$K,$Y89)+N($T89)+N($U89))) | F89: =IF($Y89="","",IF(INDEX('Flight Rates'!$L:$L,$Y89)="","",INDEX('Flight Rates'!$L:$L,$Y89)+N($T89)+N($U89))) | T89: =IF($Y89="","",N(INDEX('Flight Rates'!$S:$S,$Y89))) | U89: =IF(OR($Y89="",$C89="No tariff",$C89="No rate"),"",IFERROR(N(INDEX('Add-on Rates'!$C:$C,MATCH($A89,'Add-on Rates'!$A:$A,0))),0)) | X89: =IFERROR(SMALL('Raw Data'!$O$2:$O$1680,78),"") | Y89: =IF($X89="","",IFERROR(MATCH($B$3&"|"&$G$3&"|"&$B89&"|"&$D89,'Flight Rates'!$A:$A,0),"")) | Z89: =IF($Y89="","",INDEX('Flight Rates'!$P:$P,$Y89))
A90: =IF($X90="","",INDEX('Raw Data'!$D:$D,$X90)) | B90: =IF($X90="","",INDEX('Raw Data'!$E:$E,$X90)) | C90: =IF($X90="","",IF($Y90="","Not linked",IF(INDEX('Flight Rates'!$G:$G,$Y90)<>"",INDEX('Flight Rates'!$G:$G,$Y90),IF($Z90="NO TARIFF LOADED","No tariff","No rate")))) | D90: =IF($X90="","",INDEX('Raw Data'!$F:$F,$X90)) | E90: =IF($Y90="","",IF(INDEX('Flight Rates'!$K:$K,$Y90)="","",INDEX('Flight Rates'!$K:$K,$Y90)+N($T90)+N($U90))) | F90: =IF($Y90="","",IF(INDEX('Flight Rates'!$L:$L,$Y90)="","",INDEX('Flight Rates'!$L:$L,$Y90)+N($T90)+N($U90))) | T90: =IF($Y90="","",N(INDEX('Flight Rates'!$S:$S,$Y90))) | U90: =IF(OR($Y90="",$C90="No tariff",$C90="No rate"),"",IFERROR(N(INDEX('Add-on Rates'!$C:$C,MATCH($A90,'Add-on Rates'!$A:$A,0))),0)) | X90: =IFERROR(SMALL('Raw Data'!$O$2:$O$1680,79),"") | Y90: =IF($X90="","",IFERROR(MATCH($B$3&"|"&$G$3&"|"&$B90&"|"&$D90,'Flight Rates'!$A:$A,0),"")) | Z90: =IF($Y90="","",INDEX('Flight Rates'!$P:$P,$Y90))
A91: =IF($X91="","",INDEX('Raw Data'!$D:$D,$X91)) | B91: =IF($X91="","",INDEX('Raw Data'!$E:$E,$X91)) | C91: =IF($X91="","",IF($Y91="","Not linked",IF(INDEX('Flight Rates'!$G:$G,$Y91)<>"",INDEX('Flight Rates'!$G:$G,$Y91),IF($Z91="NO TARIFF LOADED","No tariff","No rate")))) | D91: =IF($X91="","",INDEX('Raw Data'!$F:$F,$X91)) | E91: =IF($Y91="","",IF(INDEX('Flight Rates'!$K:$K,$Y91)="","",INDEX('Flight Rates'!$K:$K,$Y91)+N($T91)+N($U91))) | F91: =IF($Y91="","",IF(INDEX('Flight Rates'!$L:$L,$Y91)="","",INDEX('Flight Rates'!$L:$L,$Y91)+N($T91)+N($U91))) | T91: =IF($Y91="","",N(INDEX('Flight Rates'!$S:$S,$Y91))) | U91: =IF(OR($Y91="",$C91="No tariff",$C91="No rate"),"",IFERROR(N(INDEX('Add-on Rates'!$C:$C,MATCH($A91,'Add-on Rates'!$A:$A,0))),0)) | X91: =IFERROR(SMALL('Raw Data'!$O$2:$O$1680,80),"") | Y91: =IF($X91="","",IFERROR(MATCH($B$3&"|"&$G$3&"|"&$B91&"|"&$D91,'Flight Rates'!$A:$A,0),"")) | Z91: =IF($Y91="","",INDEX('Flight Rates'!$P:$P,$Y91))
A92: =IF($X92="","",INDEX('Raw Data'!$D:$D,$X92)) | B92: =IF($X92="","",INDEX('Raw Data'!$E:$E,$X92)) | C92: =IF($X92="","",IF($Y92="","Not linked",IF(INDEX('Flight Rates'!$G:$G,$Y92)<>"",INDEX('Flight Rates'!$G:$G,$Y92),IF($Z92="NO TARIFF LOADED","No tariff","No rate")))) | D92: =IF($X92="","",INDEX('Raw Data'!$F:$F,$X92)) | E92: =IF($Y92="","",IF(INDEX('Flight Rates'!$K:$K,$Y92)="","",INDEX('Flight Rates'!$K:$K,$Y92)+N($T92)+N($U92))) | F92: =IF($Y92="","",IF(INDEX('Flight Rates'!$L:$L,$Y92)="","",INDEX('Flight Rates'!$L:$L,$Y92)+N($T92)+N($U92))) | T92: =IF($Y92="","",N(INDEX('Flight Rates'!$S:$S,$Y92))) | U92: =IF(OR($Y92="",$C92="No tariff",$C92="No rate"),"",IFERROR(N(INDEX('Add-on Rates'!$C:$C,MATCH($A92,'Add-on Rates'!$A:$A,0))),0)) | X92: =IFERROR(SMALL('Raw Data'!$O$2:$O$1680,81),"") | Y92: =IF($X92="","",IFERROR(MATCH($B$3&"|"&$G$3&"|"&$B92&"|"&$D92,'Flight Rates'!$A:$A,0),"")) | Z92: =IF($Y92="","",INDEX('Flight Rates'!$P:$P,$Y92))
A93: =IF($X93="","",INDEX('Raw Data'!$D:$D,$X93)) | B93: =IF($X93="","",INDEX('Raw Data'!$E:$E,$X93)) | C93: =IF($X93="","",IF($Y93="","Not linked",IF(INDEX('Flight Rates'!$G:$G,$Y93)<>"",INDEX('Flight Rates'!$G:$G,$Y93),IF($Z93="NO TARIFF LOADED","No tariff","No rate")))) | D93: =IF($X93="","",INDEX('Raw Data'!$F:$F,$X93)) | E93: =IF($Y93="","",IF(INDEX('Flight Rates'!$K:$K,$Y93)="","",INDEX('Flight Rates'!$K:$K,$Y93)+N($T93)+N($U93))) | F93: =IF($Y93="","",IF(INDEX('Flight Rates'!$L:$L,$Y93)="","",INDEX('Flight Rates'!$L:$L,$Y93)+N($T93)+N($U93))) | T93: =IF($Y93="","",N(INDEX('Flight Rates'!$S:$S,$Y93))) | U93: =IF(OR($Y93="",$C93="No tariff",$C93="No rate"),"",IFERROR(N(INDEX('Add-on Rates'!$C:$C,MATCH($A93,'Add-on Rates'!$A:$A,0))),0)) | X93: =IFERROR(SMALL('Raw Data'!$O$2:$O$1680,82),"") | Y93: =IF($X93="","",IFERROR(MATCH($B$3&"|"&$G$3&"|"&$B93&"|"&$D93,'Flight Rates'!$A:$A,0),"")) | Z93: =IF($Y93="","",INDEX('Flight Rates'!$P:$P,$Y93))
A94: =IF($X94="","",INDEX('Raw Data'!$D:$D,$X94)) | B94: =IF($X94="","",INDEX('Raw Data'!$E:$E,$X94)) | C94: =IF($X94="","",IF($Y94="","Not linked",IF(INDEX('Flight Rates'!$G:$G,$Y94)<>"",INDEX('Flight Rates'!$G:$G,$Y94),IF($Z94="NO TARIFF LOADED","No tariff","No rate")))) | D94: =IF($X94="","",INDEX('Raw Data'!$F:$F,$X94)) | E94: =IF($Y94="","",IF(INDEX('Flight Rates'!$K:$K,$Y94)="","",INDEX('Flight Rates'!$K:$K,$Y94)+N($T94)+N($U94))) | F94: =IF($Y94="","",IF(INDEX('Flight Rates'!$L:$L,$Y94)="","",INDEX('Flight Rates'!$L:$L,$Y94)+N($T94)+N($U94))) | T94: =IF($Y94="","",N(INDEX('Flight Rates'!$S:$S,$Y94))) | U94: =IF(OR($Y94="",$C94="No tariff",$C94="No rate"),"",IFERROR(N(INDEX('Add-on Rates'!$C:$C,MATCH($A94,'Add-on Rates'!$A:$A,0))),0)) | X94: =IFERROR(SMALL('Raw Data'!$O$2:$O$1680,83),"") | Y94: =IF($X94="","",IFERROR(MATCH($B$3&"|"&$G$3&"|"&$B94&"|"&$D94,'Flight Rates'!$A:$A,0),"")) | Z94: =IF($Y94="","",INDEX('Flight Rates'!$P:$P,$Y94))
A95: =IF($X95="","",INDEX('Raw Data'!$D:$D,$X95)) | B95: =IF($X95="","",INDEX('Raw Data'!$E:$E,$X95)) | C95: =IF($X95="","",IF($Y95="","Not linked",IF(INDEX('Flight Rates'!$G:$G,$Y95)<>"",INDEX('Flight Rates'!$G:$G,$Y95),IF($Z95="NO TARIFF LOADED","No tariff","No rate")))) | D95: =IF($X95="","",INDEX('Raw Data'!$F:$F,$X95)) | E95: =IF($Y95="","",IF(INDEX('Flight Rates'!$K:$K,$Y95)="","",INDEX('Flight Rates'!$K:$K,$Y95)+N($T95)+N($U95))) | F95: =IF($Y95="","",IF(INDEX('Flight Rates'!$L:$L,$Y95)="","",INDEX('Flight Rates'!$L:$L,$Y95)+N($T95)+N($U95))) | T95: =IF($Y95="","",N(INDEX('Flight Rates'!$S:$S,$Y95))) | U95: =IF(OR($Y95="",$C95="No tariff",$C95="No rate"),"",IFERROR(N(INDEX('Add-on Rates'!$C:$C,MATCH($A95,'Add-on Rates'!$A:$A,0))),0)) | X95: =IFERROR(SMALL('Raw Data'!$O$2:$O$1680,84),"") | Y95: =IF($X95="","",IFERROR(MATCH($B$3&"|"&$G$3&"|"&$B95&"|"&$D95,'Flight Rates'!$A:$A,0),"")) | Z95: =IF($Y95="","",INDEX('Flight Rates'!$P:$P,$Y95))
A96: =IF($X96="","",INDEX('Raw Data'!$D:$D,$X96)) | B96: =IF($X96="","",INDEX('Raw Data'!$E:$E,$X96)) | C96: =IF($X96="","",IF($Y96="","Not linked",IF(INDEX('Flight Rates'!$G:$G,$Y96)<>"",INDEX('Flight Rates'!$G:$G,$Y96),IF($Z96="NO TARIFF LOADED","No tariff","No rate")))) | D96: =IF($X96="","",INDEX('Raw Data'!$F:$F,$X96)) | E96: =IF($Y96="","",IF(INDEX('Flight Rates'!$K:$K,$Y96)="","",INDEX('Flight Rates'!$K:$K,$Y96)+N($T96)+N($U96))) | F96: =IF($Y96="","",IF(INDEX('Flight Rates'!$L:$L,$Y96)="","",INDEX('Flight Rates'!$L:$L,$Y96)+N($T96)+N($U96))) | T96: =IF($Y96="","",N(INDEX('Flight Rates'!$S:$S,$Y96))) | U96: =IF(OR($Y96="",$C96="No tariff",$C96="No rate"),"",IFERROR(N(INDEX('Add-on Rates'!$C:$C,MATCH($A96,'Add-on Rates'!$A:$A,0))),0)) | X96: =IFERROR(SMALL('Raw Data'!$O$2:$O$1680,85),"") | Y96: =IF($X96="","",IFERROR(MATCH($B$3&"|"&$G$3&"|"&$B96&"|"&$D96,'Flight Rates'!$A:$A,0),"")) | Z96: =IF($Y96="","",INDEX('Flight Rates'!$P:$P,$Y96))
A97: =IF($X97="","",INDEX('Raw Data'!$D:$D,$X97)) | B97: =IF($X97="","",INDEX('Raw Data'!$E:$E,$X97)) | C97: =IF($X97="","",IF($Y97="","Not linked",IF(INDEX('Flight Rates'!$G:$G,$Y97)<>"",INDEX('Flight Rates'!$G:$G,$Y97),IF($Z97="NO TARIFF LOADED","No tariff","No rate")))) | D97: =IF($X97="","",INDEX('Raw Data'!$F:$F,$X97)) | E97: =IF($Y97="","",IF(INDEX('Flight Rates'!$K:$K,$Y97)="","",INDEX('Flight Rates'!$K:$K,$Y97)+N($T97)+N($U97))) | F97: =IF($Y97="","",IF(INDEX('Flight Rates'!$L:$L,$Y97)="","",INDEX('Flight Rates'!$L:$L,$Y97)+N($T97)+N($U97))) | T97: =IF($Y97="","",N(INDEX('Flight Rates'!$S:$S,$Y97))) | U97: =IF(OR($Y97="",$C97="No tariff",$C97="No rate"),"",IFERROR(N(INDEX('Add-on Rates'!$C:$C,MATCH($A97,'Add-on Rates'!$A:$A,0))),0)) | X97: =IFERROR(SMALL('Raw Data'!$O$2:$O$1680,86),"") | Y97: =IF($X97="","",IFERROR(MATCH($B$3&"|"&$G$3&"|"&$B97&"|"&$D97,'Flight Rates'!$A:$A,0),"")) | Z97: =IF($Y97="","",INDEX('Flight Rates'!$P:$P,$Y97))
A98: =IF($X98="","",INDEX('Raw Data'!$D:$D,$X98)) | B98: =IF($X98="","",INDEX('Raw Data'!$E:$E,$X98)) | C98: =IF($X98="","",IF($Y98="","Not linked",IF(INDEX('Flight Rates'!$G:$G,$Y98)<>"",INDEX('Flight Rates'!$G:$G,$Y98),IF($Z98="NO TARIFF LOADED","No tariff","No rate")))) | D98: =IF($X98="","",INDEX('Raw Data'!$F:$F,$X98)) | E98: =IF($Y98="","",IF(INDEX('Flight Rates'!$K:$K,$Y98)="","",INDEX('Flight Rates'!$K:$K,$Y98)+N($T98)+N($U98))) | F98: =IF($Y98="","",IF(INDEX('Flight Rates'!$L:$L,$Y98)="","",INDEX('Flight Rates'!$L:$L,$Y98)+N($T98)+N($U98))) | T98: =IF($Y98="","",N(INDEX('Flight Rates'!$S:$S,$Y98))) | U98: =IF(OR($Y98="",$C98="No tariff",$C98="No rate"),"",IFERROR(N(INDEX('Add-on Rates'!$C:$C,MATCH($A98,'Add-on Rates'!$A:$A,0))),0)) | X98: =IFERROR(SMALL('Raw Data'!$O$2:$O$1680,87),"") | Y98: =IF($X98="","",IFERROR(MATCH($B$3&"|"&$G$3&"|"&$B98&"|"&$D98,'Flight Rates'!$A:$A,0),"")) | Z98: =IF($Y98="","",INDEX('Flight Rates'!$P:$P,$Y98))
A99: =IF($X99="","",INDEX('Raw Data'!$D:$D,$X99)) | B99: =IF($X99="","",INDEX('Raw Data'!$E:$E,$X99)) | C99: =IF($X99="","",IF($Y99="","Not linked",IF(INDEX('Flight Rates'!$G:$G,$Y99)<>"",INDEX('Flight Rates'!$G:$G,$Y99),IF($Z99="NO TARIFF LOADED","No tariff","No rate")))) | D99: =IF($X99="","",INDEX('Raw Data'!$F:$F,$X99)) | E99: =IF($Y99="","",IF(INDEX('Flight Rates'!$K:$K,$Y99)="","",INDEX('Flight Rates'!$K:$K,$Y99)+N($T99)+N($U99))) | F99: =IF($Y99="","",IF(INDEX('Flight Rates'!$L:$L,$Y99)="","",INDEX('Flight Rates'!$L:$L,$Y99)+N($T99)+N($U99))) | T99: =IF($Y99="","",N(INDEX('Flight Rates'!$S:$S,$Y99))) | U99: =IF(OR($Y99="",$C99="No tariff",$C99="No rate"),"",IFERROR(N(INDEX('Add-on Rates'!$C:$C,MATCH($A99,'Add-on Rates'!$A:$A,0))),0)) | X99: =IFERROR(SMALL('Raw Data'!$O$2:$O$1680,88),"") | Y99: =IF($X99="","",IFERROR(MATCH($B$3&"|"&$G$3&"|"&$B99&"|"&$D99,'Flight Rates'!$A:$A,0),"")) | Z99: =IF($Y99="","",INDEX('Flight Rates'!$P:$P,$Y99))
A100: =IF($X100="","",INDEX('Raw Data'!$D:$D,$X100)) | B100: =IF($X100="","",INDEX('Raw Data'!$E:$E,$X100)) | C100: =IF($X100="","",IF($Y100="","Not linked",IF(INDEX('Flight Rates'!$G:$G,$Y100)<>"",INDEX('Flight Rates'!$G:$G,$Y100),IF($Z100="NO TARIFF LOADED","No tariff","No rate")))) | D100: =IF($X100="","",INDEX('Raw Data'!$F:$F,$X100)) | E100: =IF($Y100="","",IF(INDEX('Flight Rates'!$K:$K,$Y100)="","",INDEX('Flight Rates'!$K:$K,$Y100)+N($T100)+N($U100))) | F100: =IF($Y100="","",IF(INDEX('Flight Rates'!$L:$L,$Y100)="","",INDEX('Flight Rates'!$L:$L,$Y100)+N($T100)+N($U100))) | T100: =IF($Y100="","",N(INDEX('Flight Rates'!$S:$S,$Y100))) | U100: =IF(OR($Y100="",$C100="No tariff",$C100="No rate"),"",IFERROR(N(INDEX('Add-on Rates'!$C:$C,MATCH($A100,'Add-on Rates'!$A:$A,0))),0)) | X100: =IFERROR(SMALL('Raw Data'!$O$2:$O$1680,89),"") | Y100: =IF($X100="","",IFERROR(MATCH($B$3&"|"&$G$3&"|"&$B100&"|"&$D100,'Flight Rates'!$A:$A,0),"")) | Z100: =IF($Y100="","",INDEX('Flight Rates'!$P:$P,$Y100))
A101: =IF($X101="","",INDEX('Raw Data'!$D:$D,$X101)) | B101: =IF($X101="","",INDEX('Raw Data'!$E:$E,$X101)) | C101: =IF($X101="","",IF($Y101="","Not linked",IF(INDEX('Flight Rates'!$G:$G,$Y101)<>"",INDEX('Flight Rates'!$G:$G,$Y101),IF($Z101="NO TARIFF LOADED","No tariff","No rate")))) | D101: =IF($X101="","",INDEX('Raw Data'!$F:$F,$X101)) | E101: =IF($Y101="","",IF(INDEX('Flight Rates'!$K:$K,$Y101)="","",INDEX('Flight Rates'!$K:$K,$Y101)+N($T101)+N($U101))) | F101: =IF($Y101="","",IF(INDEX('Flight Rates'!$L:$L,$Y101)="","",INDEX('Flight Rates'!$L:$L,$Y101)+N($T101)+N($U101))) | T101: =IF($Y101="","",N(INDEX('Flight Rates'!$S:$S,$Y101))) | U101: =IF(OR($Y101="",$C101="No tariff",$C101="No rate"),"",IFERROR(N(INDEX('Add-on Rates'!$C:$C,MATCH($A101,'Add-on Rates'!$A:$A,0))),0)) | X101: =IFERROR(SMALL('Raw Data'!$O$2:$O$1680,90),"") | Y101: =IF($X101="","",IFERROR(MATCH($B$3&"|"&$G$3&"|"&$B101&"|"&$D101,'Flight Rates'!$A:$A,0),"")) | Z101: =IF($Y101="","",INDEX('Flight Rates'!$P:$P,$Y101))
A103: Source: Raw Data sheet (flightsfrom.com schedules, verified as of 2026-08-23). CPKG (₹/kg) = tariff rate + surcharge + add-on (X-ray/TSP/handling). Surcharges: see 'Flight Rates' (per flight) and 'Network Surcharges' (airline-wide); add-ons are set per airline on 'Add-on Rates'. Amber product = check 'Rate Exceptions'.

Sheet Add-on Rates
A1: Airline code (as in Raw Data) | B1: Airline | C1: Add-on ₹/kg | D1: Includes
A2: AIRINDIA | B2: Air India / Air India Express | C2: 15.51 | D2: X-ray, TSP, handling etc. (approx.)
A3: INDIGO | B3: IndiGo | C3: 17.95 | D3: X-ray, TSP, handling etc. (approx.)
A4: AKASA | B4: Akasa Air | C4: 13.52 | D4: X-ray, TSP, handling etc. (approx.)
A5: SPICEJET | B5: SpiceJet | C5: 24 | D5: X-ray, TSP, handling etc. (approx.)
A8: Edit the yellow ₹/kg values when your add-on costs change - the Dashboard's CPKG columns update immediately (no need to re-run link_rates.py).

Sheet Raw Data
A1: Origin | B1: Destination | C1: OD Pair | D1: Airline | E1: Flight No | F1: Dep Time | G1: Mon | H1: Tue | I1: Wed | J1: Thu | K1: Fri | L1: Sat | M1: Sun | N1: Weekly Freq | O1: MatchRow (helper - do not edit)
A2: AMD | B2: BBI | C2: AMD-BBI | D2: INDIGO | E2: 6E6237 | F2: 17:55 | G2: 1 | H2: 0 | I2: 1 | J2: 0 | K2: 1 | L2: 1 | M2: 1 | N2: =SUM(G2:M2) -> 5 | O2: =IF(AND($A2=Dashboard!$B$3,$B2=Dashboard!$G$3,$D2<>"NO_SERVICE"),ROW(),"")
A3: AMD | B3: CJB | C3: AMD-CJB | D3: NO_SERVICE | G3: 0 | H3: 0 | I3: 0 | J3: 0 | K3: 0 | L3: 0 | M3: 0 | N3: =SUM(G3:M3) -> 0 | O3: =IF(AND($A3=Dashboard!$B$3,$B3=Dashboard!$G$3,$D3<>"NO_SERVICE"),ROW(),"")
A4: AMD | B4: COK | C4: AMD-COK | D4: INDIGO | E4: 6E6391 | F4: 10:55 | G4: 1 | H4: 0 | I4: 1 | J4: 0 | K4: 1 | L4: 1 | M4: 1 | N4: =SUM(G4:M4) -> 5 | O4: =IF(AND($A4=Dashboard!$B$3,$B4=Dashboard!$G$3,$D4<>"NO_SERVICE"),ROW(),"")
A5: AMD | B5: GOI | C5: AMD-GOI | D5: INDIGO | E5: 6E6345 | F5: 16:15 | G5: 1 | H5: 0 | I5: 1 | J5: 1 | K5: 1 | L5: 1 | M5: 1 | N5: =SUM(G5:M5) -> 6 | O5: =IF(AND($A5=Dashboard!$B$3,$B5=Dashboard!$G$3,$D5<>"NO_SERVICE"),ROW(),"")
A6: AMD | B6: GOI | C6: AMD-GOI | D6: INDIGO | E6: 6E992 | F6: 19:30 | G6: 1 | H6: 1 | I6: 0 | J6: 1 | K6: 1 | L6: 0 | M6: 1 | N6: =SUM(G6:M6) -> 5 | O6: =IF(AND($A6=Dashboard!$B$3,$B6=Dashboard!$G$3,$D6<>"NO_SERVICE"),ROW(),"")
A7: AMD | B7: GAU | C7: AMD-GAU | D7: INDIGO | E7: 6E6441 | F7: 06:05 | G7: 1 | H7: 1 | I7: 1 | J7: 1 | K7: 1 | L7: 1 | M7: 1 | N7: =SUM(G7:M7) -> 7 | O7: =IF(AND($A7=Dashboard!$B$3,$B7=Dashboard!$G$3,$D7<>"NO_SERVICE"),ROW(),"")
A8: AMD | B8: IDR | C8: AMD-IDR | D8: INDIGO | E8: 6E7173 | F8: 06:55 | G8: 1 | H8: 1 | I8: 1 | J8: 1 | K8: 1 | L8: 1 | M8: 1 | N8: =SUM(G8:M8) -> 7 | O8: =IF(AND($A8=Dashboard!$B$3,$B8=Dashboard!$G$3,$D8<>"NO_SERVICE"),ROW(),"")
A9: AMD | B9: IDR | C9: AMD-IDR | D9: INDIGO | E9: 6E7187 | F9: 20:10 | G9: 1 | H9: 1 | I9: 1 | J9: 1 | K9: 1 | L9: 1 | M9: 1 | N9: =SUM(G9:M9) -> 7 | O9: =IF(AND($A9=Dashboard!$B$3,$B9=Dashboard!$G$3,$D9<>"NO_SERVICE"),ROW(),"")
A10: AMD | B10: IXB | C10: AMD-IXB | D10: AKASA | E10: QP1569 | F10: 11:30 | G10: 1 | H10: 0 | I10: 1 | J10: 0 | K10: 1 | L10: 0 | M10: 1 | N10: =SUM(G10:M10) -> 4 | O10: =IF(AND($A10=Dashboard!$B$3,$B10=Dashboard!$G$3,$D10<>"NO_SERVICE"),ROW(),"")
A11: AMD | B11: IXB | C11: AMD-IXB | D11: AKASA | E11: QP1903 | F11: 11:15 | G11: 0 | H11: 1 | I11: 0 | J11: 1 | K11: 0 | L11: 0 | M11: 0 | N11: =SUM(G11:M11) -> 2 | O11: =IF(AND($A11=Dashboard!$B$3,$B11=Dashboard!$G$3,$D11<>"NO_SERVICE"),ROW(),"")
A12: AMD | B12: IXM | C12: AMD-IXM | D12: NO_SERVICE | G12: 0 | H12: 0 | I12: 0 | J12: 0 | K12: 0 | L12: 0 | M12: 0 | N12: =SUM(G12:M12) -> 0 | O12: =IF(AND($A12=Dashboard!$B$3,$B12=Dashboard!$G$3,$D12<>"NO_SERVICE"),ROW(),"")
A13: AMD | B13: IXZ | C13: AMD-IXZ | D13: NO_SERVICE | G13: 0 | H13: 0 | I13: 0 | J13: 0 | K13: 0 | L13: 0 | M13: 0 | N13: =SUM(G13:M13) -> 0 | O13: =IF(AND($A13=Dashboard!$B$3,$B13=Dashboard!$G$3,$D13<>"NO_SERVICE"),ROW(),"")
A14: AMD | B14: JAI | C14: AMD-JAI | D14: INDIGO | E14: 6E7114 | F14: 06:15 | G14: 1 | H14: 1 | I14: 1 | J14: 1 | K14: 1 | L14: 1 | M14: 1 | N14: =SUM(G14:M14) -> 7 | O14: =IF(AND($A14=Dashboard!$B$3,$B14=Dashboard!$G$3,$D14<>"NO_SERVICE"),ROW(),"")
A15: AMD | B15: JAI | C15: AMD-JAI | D15: INDIGO | E15: 6E7261 | F15: 15:40 | G15: 1 | H15: 1 | I15: 1 | J15: 1 | K15: 1 | L15: 1 | M15: 1 | N15: =SUM(G15:M15) -> 7 | O15: =IF(AND($A15=Dashboard!$B$3,$B15=Dashboard!$G$3,$D15<>"NO_SERVICE"),ROW(),"")
A16: AMD | B16: JAI | C16: AMD-JAI | D16: INDIGO | E16: 6E7131 | F16: 21:05 | G16: 1 | H16: 1 | I16: 1 | J16: 1 | K16: 1 | L16: 1 | M16: 1 | N16: =SUM(G16:M16) -> 7 | O16: =IF(AND($A16=Dashboard!$B$3,$B16=Dashboard!$G$3,$D16<>"NO_SERVICE"),ROW(),"")
A17: AMD | B17: LKO | C17: AMD-LKO | D17: INDIGO | E17: 6E6244 | F17: 08:15 | G17: 1 | H17: 1 | I17: 0 | J17: 1 | K17: 1 | L17: 1 | M17: 1 | N17: =SUM(G17:M17) -> 6 | O17: =IF(AND($A17=Dashboard!$B$3,$B17=Dashboard!$G$3,$D17<>"NO_SERVICE"),ROW(),"")
A18: AMD | B18: LKO | C18: AMD-LKO | D18: INDIGO | E18: 6E935 | F18: 14:15 | G18: 0 | H18: 1 | I18: 0 | J18: 0 | K18: 1 | L18: 1 | M18: 1 | N18: =SUM(G18:M18) -> 4 | O18: =IF(AND($A18=Dashboard!$B$3,$B18=Dashboard!$G$3,$D18<>"NO_SERVICE"),ROW(),"")
A19: AMD | B19: NAG | C19: AMD-NAG | D19: INDIGO | E19: 6E7247 | F19: 05:40 | G19: 1 | H19: 1 | I19: 1 | J19: 1 | K19: 1 | L19: 1 | M19: 1 | N19: =SUM(G19:M19) -> 7 | O19: =IF(AND($A19=Dashboard!$B$3,$B19=Dashboard!$G$3,$D19<>"NO_SERVICE"),ROW(),"")
A20: AMD | B20: NAG | C20: AMD-NAG | D20: INDIGO | E20: 6E7502 | F20: 18:55 | G20: 1 | H20: 1 | I20: 1 | J20: 1 | K20: 1 | L20: 1 | M20: 1 | N20: =SUM(G20:M20) -> 7 | O20: =IF(AND($A20=Dashboard!$B$3,$B20=Dashboard!$G$3,$D20<>"NO_SERVICE"),ROW(),"")
A21: AMD | B21: PAT | C21: AMD-PAT | D21: INDIGO | E21: 6E921 | F21: 10:40 | G21: 1 | H21: 1 | I21: 0 | J21: 1 | K21: 1 | L21: 1 | M21: 1 | N21: =SUM(G21:M21) -> 6 | O21: =IF(AND($A21=Dashboard!$B$3,$B21=Dashboard!$G$3,$D21<>"NO_SERVICE"),ROW(),"")
A22: AMD | B22: PAT | C22: AMD-PAT | D22: INDIGO | E22: 6E2524 | F22: 18:30 | G22: 0 | H22: 0 | I22: 1 | J22: 0 | K22: 0 | L22: 0 | M22: 0 | N22: =SUM(G22:M22) -> 1 | O22: =IF(AND($A22=Dashboard!$B$3,$B22=Dashboard!$G$3,$D22<>"NO_SERVICE"),ROW(),"")
A23: AMD | B23: IXR | C23: AMD-IXR | D23: INDIGO | E23: 6E6493 | F23: 11:10 | G23: 1 | H23: 1 | I23: 1 | J23: 1 | K23: 1 | L23: 1 | M23: 1 | N23: =SUM(G23:M23) -> 7 | O23: =IF(AND($A23=Dashboard!$B$3,$B23=Dashboard!$G$3,$D23<>"NO_SERVICE"),ROW(),"")
A24: AMD | B24: RPR | C24: AMD-RPR | D24: INDIGO | E24: 6E261 | F24: 11:30 | G24: 1 | H24: 1 | I24: 1 | J24: 1 | K24: 1 | L24: 1 | M24: 1 | N24: =SUM(G24:M24) -> 7 | O24: =IF(AND($A24=Dashboard!$B$3,$B24=Dashboard!$G$3,$D24<>"NO_SERVICE"),ROW(),"")
A25: AMD | B25: IXC | C25: AMD-IXC | D25: INDIGO | E25: 6E6375 | F25: 07:40 | G25: 0 | H25: 1 | I25: 1 | J25: 1 | K25: 1 | L25: 1 | M25: 1 | N25: =SUM(G25:M25) -> 6 | O25: =IF(AND($A25=Dashboard!$B$3,$B25=Dashboard!$G$3,$D25<>"NO_SERVICE"),ROW(),"")
A26: AMD | B26: IXC | C26: AMD-IXC | D26: INDIGO | E26: 6E6506 | F26: 21:45 | G26: 1 | H26: 0 | I26: 0 | J26: 0 | K26: 0 | L26: 0 | M26: 0 | N26: =SUM(G26:M26) -> 1 | O26: =IF(AND($A26=Dashboard!$B$3,$B26=Dashboard!$G$3,$D26<>"NO_SERVICE"),ROW(),"")
A27: AMD | B27: UDR | C27: AMD-UDR | D27: NO_SERVICE | G27: 0 | H27: 0 | I27: 0 | J27: 0 | K27: 0 | L27: 0 | M27: 0 | N27: =SUM(G27:M27) -> 0 | O27: =IF(AND($A27=Dashboard!$B$3,$B27=Dashboard!$G$3,$D27<>"NO_SERVICE"),ROW(),"")
A28: AMD | B28: SXR | C28: AMD-SXR | D28: INDIGO | E28: 6E6164 | F28: 07:55 | G28: 0 | H28: 0 | I28: 1 | J28: 0 | K28: 1 | L28: 0 | M28: 1 | N28: =SUM(G28:M28) -> 3 | O28: =IF(AND($A28=Dashboard!$B$3,$B28=Dashboard!$G$3,$D28<>"NO_SERVICE"),ROW(),"")
A29: AMD | B29: IXJ | C29: AMD-IXJ | D29: INDIGO | E29: 6E6687 | F29: 09:00 | G29: 1 | H29: 1 | I29: 1 | J29: 1 | K29: 1 | L29: 1 | M29: 1 | N29: =SUM(G29:M29) -> 7 | O29: =IF(AND($A29=Dashboard!$B$3,$B29=Dashboard!$G$3,$D29<>"NO_SERVICE"),ROW(),"")
A30: AMD | B30: TVM | C30: AMD-TVM | D30: NO_SERVICE | G30: 0 | H30: 0 | I30: 0 | J30: 0 | K30: 0 | L30: 0 | M30: 0 | N30: =SUM(G30:M30) -> 0 | O30: =IF(AND($A30=Dashboard!$B$3,$B30=Dashboard!$G$3,$D30<>"NO_SERVICE"),ROW(),"")
A31: AMD | B31: VTZ | C31: AMD-VTZ | D31: INDIGO | E31: 6E879 | F31: 08:44 | G31: 1 | H31: 1 | I31: 1 | J31: 1 | K31: 1 | L31: 1 | M31: 1 | N31: =SUM(G31:M31) -> 7 | O31: =IF(AND($A31=Dashboard!$B$3,$B31=Dashboard!$G$3,$D31<>"NO_SERVICE"),ROW(),"")
A32: AMD | B32: IMF | C32: AMD-IMF | D32: NO_SERVICE | G32: 0 | H32: 0 | I32: 0 | J32: 0 | K32: 0 | L32: 0 | M32: 0 | N32: =SUM(G32:M32) -> 0 | O32: =IF(AND($A32=Dashboard!$B$3,$B32=Dashboard!$G$3,$D32<>"NO_SERVICE"),ROW(),"")
A33: AMD | B33: BHO | C33: AMD-BHO | D33: INDIGO | E33: 6E7525 | F33: 05:50 | G33: 1 | H33: 1 | I33: 1 | J33: 1 | K33: 1 | L33: 1 | M33: 1 | N33: =SUM(G33:M33) -> 7 | O33: =IF(AND($A33=Dashboard!$B$3,$B33=Dashboard!$G$3,$D33<>"NO_SERVICE"),ROW(),"")
A34: AMD | B34: VNS | C34: AMD-VNS | D34: INDIGO | E34: 6E6805 | F34: 14:45 | G34: 1 | H34: 1 | I34: 1 | J34: 1 | K34: 1 | L34: 1 | M34: 1 | N34: =SUM(G34:M34) -> 7 | O34: =IF(AND($A34=Dashboard!$B$3,$B34=Dashboard!$G$3,$D34<>"NO_SERVICE"),ROW(),"")
A35: AMD | B35: IXL | C35: AMD-IXL | D35: NO_SERVICE | G35: 0 | H35: 0 | I35: 0 | J35: 0 | K35: 0 | L35: 0 | M35: 0 | N35: =SUM(G35:M35) -> 0 | O35: =IF(AND($A35=Dashboard!$B$3,$B35=Dashboard!$G$3,$D35<>"NO_SERVICE"),ROW(),"")
A36: AMD | B36: VGA | C36: AMD-VGA | D36: NO_SERVICE | G36: 0 | H36: 0 | I36: 0 | J36: 0 | K36: 0 | L36: 0 | M36: 0 | N36: =SUM(G36:M36) -> 0 | O36: =IF(AND($A36=Dashboard!$B$3,$B36=Dashboard!$G$3,$D36<>"NO_SERVICE"),ROW(),"")
A37: AMD | B37: TRZ | C37: AMD-TRZ | D37: NO_SERVICE | G37: 0 | H37: 0 | I37: 0 | J37: 0 | K37: 0 | L37: 0 | M37: 0 | N37: =SUM(G37:M37) -> 0 | O37: =IF(AND($A37=Dashboard!$B$3,$B37=Dashboard!$G$3,$D37<>"NO_SERVICE"),ROW(),"")
A38: BLR | B38: BBI | C38: BLR-BBI | D38: INDIGO | E38: 6E702 | F38: 07:30 | G38: 1 | H38: 1 | I38: 1 | J38: 1 | K38: 1 | L38: 1 | M38: 1 | N38: =SUM(G38:M38) -> 7 | O38: =IF(AND($A38=Dashboard!$B$3,$B38=Dashboard!$G$3,$D38<>"NO_SERVICE"),ROW(),"")
A39: BLR | B39: BBI | C39: BLR-BBI | D39: INDIGO | E39: 6E6535 | F39: 11:40 | G39: 0 | H39: 1 | I39: 0 | J39: 1 | K39: 0 | L39: 1 | M39: 0 | N39: =SUM(G39:M39) -> 3 | O39: =IF(AND($A39=Dashboard!$B$3,$B39=Dashboard!$G$3,$D39<>"NO_SERVICE"),ROW(),"")
A40: BLR | B40: BBI | C40: BLR-BBI | D40: INDIGO | E40: 6E411 | F40: 20:05 | G40: 1 | H40: 1 | I40: 1 | J40: 1 | K40: 1 | L40: 1 | M40: 1 | N40: =SUM(G40:M40) -> 7 | O40: =IF(AND($A40=Dashboard!$B$3,$B40=Dashboard!$G$3,$D40<>"NO_SERVICE"),ROW(),"")
A41: BLR | B41: BBI | C41: BLR-BBI | D41: AKASA | E41: QP1503 | F41: 13:35 | G41: 1 | H41: 1 | I41: 1 | J41: 1 | K41: 1 | L41: 1 | M41: 1 | N41: =SUM(G41:M41) -> 7 | O41: =IF(AND($A41=Dashboard!$B$3,$B41=Dashboard!$G$3,$D41<>"NO_SERVICE"),ROW(),"")
A42: BLR | B42: BBI | C42: BLR-BBI | D42: AIRINDIA | E42: IX1536 | F42: 15:00 | G42: 1 | H42: 1 | I42: 1 | J42: 1 | K42: 1 | L42: 1 | M42: 1 | N42: =SUM(G42:M42) -> 7 | O42: =IF(AND($A42=Dashboard!$B$3,$B42=Dashboard!$G$3,$D42<>"NO_SERVICE"),ROW(),"")
A43: BLR | B43: CJB | C43: BLR-CJB | D43: INDIGO | E43: 6E857 | F43: 07:05 | G43: 1 | H43: 1 | I43: 1 | J43: 1 | K43: 1 | L43: 1 | M43: 1 | N43: =SUM(G43:M43) -> 7 | O43: =IF(AND($A43=Dashboard!$B$3,$B43=Dashboard!$G$3,$D43<>"NO_SERVICE"),ROW(),"")
A44: BLR | B44: CJB | C44: BLR-CJB | D44: INDIGO | E44: 6E6542 | F44: 13:10 | G44: 1 | H44: 1 | I44: 1 | J44: 1 | K44: 1 | L44: 1 | M44: 1 | N44: =SUM(G44:M44) -> 7 | O44: =IF(AND($A44=Dashboard!$B$3,$B44=Dashboard!$G$3,$D44<>"NO_SERVICE"),ROW(),"")
A45: BLR | B45: CJB | C45: BLR-CJB | D45: INDIGO | E45: 6E602 | F45: 14:40 | G45: 0 | H45: 1 | I45: 0 | J45: 0 | K45: 0 | L45: 0 | M45: 0 | N45: =SUM(G45:M45) -> 1 | O45: =IF(AND($A45=Dashboard!$B$3,$B45=Dashboard!$G$3,$D45<>"NO_SERVICE"),ROW(),"")
A46: BLR | B46: CJB | C46: BLR-CJB | D46: INDIGO | E46: 6E6875 | F46: 19:55 | G46: 1 | H46: 1 | I46: 1 | J46: 1 | K46: 1 | L46: 1 | M46: 1 | N46: =SUM(G46:M46) -> 7 | O46: =IF(AND($A46=Dashboard!$B$3,$B46=Dashboard!$G$3,$D46<>"NO_SERVICE"),ROW(),"")
A47: BLR | B47: GOI | C47: BLR-GOI | D47: INDIGO | E47: 6E194 | F47: 06:05 | G47: 1 | H47: 1 | I47: 1 | J47: 1 | K47: 1 | L47: 1 | M47: 1 | N47: =SUM(G47:M47) -> 7 | O47: =IF(AND($A47=Dashboard!$B$3,$B47=Dashboard!$G$3,$D47<>"NO_SERVICE"),ROW(),"")
A48: BLR | B48: GOI | C48: BLR-GOI | D48: INDIGO | E48: 6E6653 | F48: 12:35 | G48: 1 | H48: 1 | I48: 1 | J48: 1 | K48: 1 | L48: 1 | M48: 1 | N48: =SUM(G48:M48) -> 7 | O48: =IF(AND($A48=Dashboard!$B$3,$B48=Dashboard!$G$3,$D48<>"NO_SERVICE"),ROW(),"")
A49: BLR | B49: GOI | C49: BLR-GOI | D49: INDIGO | E49: 6E6753 | F49: 15:15 | G49: 1 | H49: 1 | I49: 1 | J49: 1 | K49: 1 | L49: 1 | M49: 1 | N49: =SUM(G49:M49) -> 7 | O49: =IF(AND($A49=Dashboard!$B$3,$B49=Dashboard!$G$3,$D49<>"NO_SERVICE"),ROW(),"")
... A115: BLR | B115: COK | C115: BLR-COK | D115: AIRINDIA | E115: IX2116 | F115: 21:00 | G115: 1 | H115: 1 | I115: 1 | J115: 1 | K115: 1 | L115: 1 | M115: 1 | N115: =SUM(G115:M115) -> 7 | O115: =IF(AND($A115=Dashboard!$B$3,$B115=Dashboard!$G$3,$D115<>"NO_SERVICE"),ROW(),"")
A116: BLR | B116: IXJ | C116: BLR-IXJ | D116: NO_SERVICE | G116: 0 | H116: 0 | I116: 0 | J116: 0 | K116: 0 | L116: 0 | M116: 0 | N116: =SUM(G116:M116) -> 0 | O116: =IF(AND($A116=Dashboard!$B$3,$B116=Dashboard!$G$3,$D116<>"NO_SERVICE"),ROW(),"")
A117: BLR | B117: TVM | C117: BLR-TVM | D117: INDIGO | E117: 6E688 | F117: 07:20 | G117: 1 | H117: 1 | I117: 1 | J117: 1 | K117: 1 | L117: 1 | M117: 1 | N117: =SUM(G117:M117) -> 7 | O117: =IF(AND($A117=Dashboard!$B$3,$B117=Dashboard!$G$3,$D117<>"NO_SERVICE"),ROW(),"")
A118: BLR | B118: TVM | C118: BLR-TVM | D118: INDIGO | E118: 6E6144 | F118: 10:30 | G118: 1 | H118: 1 | I118: 1 | J118: 1 | K118: 1 | L118: 1 | M118: 1 | N118: =SUM(G118:M118) -> 7 | O118: =IF(AND($A118=Dashboard!$B$3,$B118=Dashboard!$G$3,$D118<>"NO_SERVICE"),ROW(),"")
A119: BLR | B119: TVM | C119: BLR-TVM | D119: INDIGO | E119: 6E774 | F119: 12:00 | G119: 0 | H119: 0 | I119: 0 | J119: 0 | K119: 1 | L119: 1 | M119: 1 | N119: =SUM(G119:M119) -> 3 | O119: =IF(AND($A119=Dashboard!$B$3,$B119=Dashboard!$G$3,$D119<>"NO_SERVICE"),ROW(),"")
A120: BLR | B120: TVM | C120: BLR-TVM | D120: INDIGO | E120: 6E6427 | F120: 15:15 | G120: 1 | H120: 0 | I120: 0 | J120: 1 | K120: 1 | L120: 1 | M120: 1 | N120: =SUM(G120:M120) -> 5 | O120: =IF(AND($A120=Dashboard!$B$3,$B120=Dashboard!$G$3,$D120<>"NO_SERVICE"),ROW(),"")
A121: BLR | B121: TVM | C121: BLR-TVM | D121: AIRINDIA | E121: IX1367 | F121: 20:30 | G121: 1 | H121: 1 | I121: 1 | J121: 1 | K121: 1 | L121: 1 | M121: 1 | N121: =SUM(G121:M121) -> 7 | O121: =IF(AND($A121=Dashboard!$B$3,$B121=Dashboard!$G$3,$D121<>"NO_SERVICE"),ROW(),"")
A122: BLR | B122: VTZ | C122: BLR-VTZ | D122: INDIGO | E122: 6E6336 | F122: 12:40 | G122: 1 | H122: 1 | I122: 1 | J122: 1 | K122: 1 | L122: 1 | M122: 1 | N122: =SUM(G122:M122) -> 7 | O122: =IF(AND($A122=Dashboard!$B$3,$B122=Dashboard!$G$3,$D122<>"NO_SERVICE"),ROW(),"")
A123: BLR | B123: VTZ | C123: BLR-VTZ | D123: INDIGO | E123: 6E969 | F123: 19:00 | G123: 1 | H123: 1 | I123: 1 | J123: 1 | K123: 1 | L123: 1 | M123: 1 | N123: =SUM(G123:M123) -> 7 | O123: =IF(AND($A123=Dashboard!$B$3,$B123=Dashboard!$G$3,$D123<>"NO_SERVICE"),ROW(),"")
A124: BLR | B124: VTZ | C124: BLR-VTZ | D124: AIRINDIA | E124: IX2064 | F124: 05:55 | G124: 1 | H124: 1 | I124: 1 | J124: 1 | K124: 0 | L124: 1 | M124: 0 | N124: =SUM(G124:M124) -> 5 | O124: =IF(AND($A124=Dashboard!$B$3,$B124=Dashboard!$G$3,$D124<>"NO_SERVICE"),ROW(),"")
A125: BLR | B125: VTZ | C125: BLR-VTZ | D125: AIRINDIA | E125: IX2023 | F125: 16:50 | G125: 1 | H125: 1 | I125: 1 | J125: 1 | K125: 1 | L125: 1 | M125: 1 | N125: =SUM(G125:M125) -> 7 | O125: =IF(AND($A125=Dashboard!$B$3,$B125=Dashboard!$G$3,$D125<>"NO_SERVICE"),ROW(),"")
A126: BLR | B126: VTZ | C126: BLR-VTZ | D126: AIRINDIA | E126: IX2063 | F126: 20:35 | G126: 0 | H126: 0 | I126: 0 | J126: 1 | K126: 0 | L126: 1 | M126: 0 | N126: =SUM(G126:M126) -> 2 | O126: =IF(AND($A126=Dashboard!$B$3,$B126=Dashboard!$G$3,$D126<>"NO_SERVICE"),ROW(),"")
A127: BLR | B127: IMF | C127: BLR-IMF | D127: NO_SERVICE | G127: 0 | H127: 0 | I127: 0 | J127: 0 | K127: 0 | L127: 0 | M127: 0 | N127: =SUM(G127:M127) -> 0 | O127: =IF(AND($A127=Dashboard!$B$3,$B127=Dashboard!$G$3,$D127<>"NO_SERVICE"),ROW(),"")
A128: BLR | B128: BHO | C128: BLR-BHO | D128: INDIGO | E128: 6E368 | F128: 06:10 | G128: 0 | H128: 1 | I128: 0 | J128: 1 | K128: 0 | L128: 1 | M128: 0 | N128: =SUM(G128:M128) -> 3 | O128: =IF(AND($A128=Dashboard!$B$3,$B128=Dashboard!$G$3,$D128<>"NO_SERVICE"),ROW(),"")
A129: BLR | B129: BHO | C129: BLR-BHO | D129: INDIGO | E129: 6E6465 | F129: 17:15 | G129: 1 | H129: 1 | I129: 1 | J129: 1 | K129: 1 | L129: 1 | M129: 1 | N129: =SUM(G129:M129) -> 7 | O129: =IF(AND($A129=Dashboard!$B$3,$B129=Dashboard!$G$3,$D129<>"NO_SERVICE"),ROW(),"")
A130: BLR | B130: VNS | C130: BLR-VNS | D130: INDIGO | E130: 6E6558 | F130: 09:05 | G130: 1 | H130: 1 | I130: 1 | J130: 1 | K130: 1 | L130: 1 | M130: 1 | N130: =SUM(G130:M130) -> 7 | O130: =IF(AND($A130=Dashboard!$B$3,$B130=Dashboard!$G$3,$D130<>"NO_SERVICE"),ROW(),"")
A131: BLR | B131: VNS | C131: BLR-VNS | D131: INDIGO | E131: 6E738 | F131: 18:00 | G131: 1 | H131: 1 | I131: 1 | J131: 1 | K131: 1 | L131: 1 | M131: 1 | N131: =SUM(G131:M131) -> 7 | O131: =IF(AND($A131=Dashboard!$B$3,$B131=Dashboard!$G$3,$D131<>"NO_SERVICE"),ROW(),"")
A132: BLR | B132: VNS | C132: BLR-VNS | D132: AKASA | E132: QP1423 | F132: 15:55 | G132: 0 | H132: 0 | I132: 0 | J132: 0 | K132: 0 | L132: 1 | M132: 1 | N132: =SUM(G132:M132) -> 2 | O132: =IF(AND($A132=Dashboard!$B$3,$B132=Dashboard!$G$3,$D132<>"NO_SERVICE"),ROW(),"")
A133: BLR | B133: VNS | C133: BLR-VNS | D133: AIRINDIA | E133: IX1540 | F133: 15:25 | G133: 1 | H133: 1 | I133: 1 | J133: 1 | K133: 1 | L133: 1 | M133: 1 | N133: =SUM(G133:M133) -> 7 | O133: =IF(AND($A133=Dashboard!$B$3,$B133=Dashboard!$G$3,$D133<>"NO_SERVICE"),ROW(),"")
A134: BLR | B134: IXL | C134: BLR-IXL | D134: NO_SERVICE | G134: 0 | H134: 0 | I134: 0 | J134: 0 | K134: 0 | L134: 0 | M134: 0 | N134: =SUM(G134:M134) -> 0 | O134: =IF(AND($A134=Dashboard!$B$3,$B134=Dashboard!$G$3,$D134<>"NO_SERVICE"),ROW(),"")
A135: BLR | B135: VGA | C135: BLR-VGA | D135: INDIGO | E135: 6E7204 | F135: 06:50 | G135: 1 | H135: 1 | I135: 1 | J135: 1 | K135: 1 | L135: 1 | M135: 1 | N135: =SUM(G135:M135) -> 7 | O135: =IF(AND($A135=Dashboard!$B$3,$B135=Dashboard!$G$3,$D135<>"NO_SERVICE"),ROW(),"")
A136: BLR | B136: VGA | C136: BLR-VGA | D136: INDIGO | E136: 6E7071 | F136: 10:55 | G136: 1 | H136: 1 | I136: 1 | J136: 1 | K136: 1 | L136: 1 | M136: 1 | N136: =SUM(G136:M136) -> 7 | O136: =IF(AND($A136=Dashboard!$B$3,$B136=Dashboard!$G$3,$D136<>"NO_SERVICE"),ROW(),"")
A137: BLR | B137: VGA | C137: BLR-VGA | D137: INDIGO | E137: 6E7134 | F137: 19:20 | G137: 1 | H137: 1 | I137: 1 | J137: 1 | K137: 1 | L137: 1 | M137: 1 | N137: =SUM(G137:M137) -> 7 | O137: =IF(AND($A137=Dashboard!$B$3,$B137=Dashboard!$G$3,$D137<>"NO_SERVICE"),ROW(),"")
A138: BLR | B138: VGA | C138: BLR-VGA | D138: AIRINDIA | E138: IX2875 | F138: 07:10 | G138: 1 | H138: 1 | I138: 1 | J138: 1 | K138: 1 | L138: 1 | M138: 1 | N138: =SUM(G138:M138) -> 7 | O138: =IF(AND($A138=Dashboard!$B$3,$B138=Dashboard!$G$3,$D138<>"NO_SERVICE"),ROW(),"")
A139: BLR | B139: TRZ | C139: BLR-TRZ | D139: INDIGO | E139: 6E7236 | F139: 06:55 | G139: 1 | H139: 1 | I139: 1 | J139: 1 | K139: 1 | L139: 1 | M139: 1 | N139: =SUM(G139:M139) -> 7 | O139: =IF(AND($A139=Dashboard!$B$3,$B139=Dashboard!$G$3,$D139<>"NO_SERVICE"),ROW(),"")
A140: BLR | B140: TRZ | C140: BLR-TRZ | D140: INDIGO | E140: 6E7711 | F140: 14:35 | G140: 1 | H140: 1 | I140: 1 | J140: 1 | K140: 1 | L140: 1 | M140: 1 | N140: =SUM(G140:M140) -> 7 | O140: =IF(AND($A140=Dashboard!$B$3,$B140=Dashboard!$G$3,$D140<>"NO_SERVICE"),ROW(),"")
A141: BLR | B141: TRZ | C141: BLR-TRZ | D141: INDIGO | E141: 6E7165 | F141: 19:25 | G141: 1 | H141: 0 | I141: 1 | J141: 0 | K141: 1 | L141: 0 | M141: 1 | N141: =SUM(G141:M141) -> 4 | O141: =IF(AND($A141=Dashboard!$B$3,$B141=Dashboard!$G$3,$D141<>"NO_SERVICE"),ROW(),"")
A142: BLR | B142: TRZ | C142: BLR-TRZ | D142: AIRINDIA | E142: IX5306 | F142: 17:40 | G142: 1 | H142: 0 | I142: 1 | J142: 0 | K142: 0 | L142: 1 | M142: 0 | N142: =SUM(G142:M142) -> 3 | O142: =IF(AND($A142=Dashboard!$B$3,$B142=Dashboard!$G$3,$D142<>"NO_SERVICE"),ROW(),"")
A143: BLR | B143: TRZ | C143: BLR-TRZ | D143: AIRINDIA | E143: IX5303 | F143: 23:00 | G143: 0 | H143: 1 | I143: 0 | J143: 1 | K143: 0 | L143: 0 | M143: 0 | N143: =SUM(G143:M143) -> 2 | O143: =IF(AND($A143=Dashboard!$B$3,$B143=Dashboard!$G$3,$D143<>"NO_SERVICE"),ROW(),"")
A144: BOM | B144: BBI | C144: BOM-BBI | D144: INDIGO | E144: 6E5091 | F144: 07:50 | G144: 1 | H144: 1 | I144: 1 | J144: 1 | K144: 1 | L144: 1 | M144: 1 | N144: =SUM(G144:M144) -> 7 | O144: =IF(AND($A144=Dashboard!$B$3,$B144=Dashboard!$G$3,$D144<>"NO_SERVICE"),ROW(),"")
A145: BOM | B145: BBI | C145: BOM-BBI | D145: INDIGO | E145: 6E463 | F145: 16:50 | G145: 1 | H145: 1 | I145: 1 | J145: 1 | K145: 1 | L145: 1 | M145: 1 | N145: =SUM(G145:M145) -> 7 | O145: =IF(AND($A145=Dashboard!$B$3,$B145=Dashboard!$G$3,$D145<>"NO_SERVICE"),ROW(),"")
A146: BOM | B146: BBI | C146: BOM-BBI | D146: INDIGO | E146: 6E5182 | F146: 20:40 | G146: 1 | H146: 1 | I146: 1 | J146: 1 | K146: 1 | L146: 1 | M146: 1 | N146: =SUM(G146:M146) -> 7 | O146: =IF(AND($A146=Dashboard!$B$3,$B146=Dashboard!$G$3,$D146<>"NO_SERVICE"),ROW(),"")
... A242: BOM | B242: TVM | C242: BOM-TVM | D242: AIRINDIA | E242: AI2655 | F242: 17:35 | G242: 1 | H242: 1 | I242: 1 | J242: 1 | K242: 1 | L242: 1 | M242: 1 | N242: =SUM(G242:M242) -> 7 | O242: =IF(AND($A242=Dashboard!$B$3,$B242=Dashboard!$G$3,$D242<>"NO_SERVICE"),ROW(),"")
A243: BOM | B243: VTZ | C243: BOM-VTZ | D243: NO_SERVICE | G243: 0 | H243: 0 | I243: 0 | J243: 0 | K243: 0 | L243: 0 | M243: 0 | N243: =SUM(G243:M243) -> 0 | O243: =IF(AND($A243=Dashboard!$B$3,$B243=Dashboard!$G$3,$D243<>"NO_SERVICE"),ROW(),"")
A244: BOM | B244: IMF | C244: BOM-IMF | D244: NO_SERVICE | G244: 0 | H244: 0 | I244: 0 | J244: 0 | K244: 0 | L244: 0 | M244: 0 | N244: =SUM(G244:M244) -> 0 | O244: =IF(AND($A244=Dashboard!$B$3,$B244=Dashboard!$G$3,$D244<>"NO_SERVICE"),ROW(),"")
A245: BOM | B245: BHO | C245: BOM-BHO | D245: INDIGO | E245: 6E6128 | F245: 07:30 | G245: 1 | H245: 1 | I245: 1 | J245: 1 | K245: 1 | L245: 1 | M245: 1 | N245: =SUM(G245:M245) -> 7 | O245: =IF(AND($A245=Dashboard!$B$3,$B245=Dashboard!$G$3,$D245<>"NO_SERVICE"),ROW(),"")
A246: BOM | B246: BHO | C246: BOM-BHO | D246: INDIGO | E246: 6E5131 | F246: 15:50 | G246: 1 | H246: 1 | I246: 1 | J246: 1 | K246: 1 | L246: 1 | M246: 1 | N246: =SUM(G246:M246) -> 7 | O246: =IF(AND($A246=Dashboard!$B$3,$B246=Dashboard!$G$3,$D246<>"NO_SERVICE"),ROW(),"")
A247: BOM | B247: BHO | C247: BOM-BHO | D247: AIRINDIA | E247: IX1798 | F247: 11:20 | G247: 1 | H247: 0 | I247: 0 | J247: 0 | K247: 0 | L247: 0 | M247: 0 | N247: =SUM(G247:M247) -> 1 | O247: =IF(AND($A247=Dashboard!$B$3,$B247=Dashboard!$G$3,$D247<>"NO_SERVICE"),ROW(),"")
A248: BOM | B248: BHO | C248: BOM-BHO | D248: AIRINDIA | E248: IX1787 | F248: 13:10 | G248: 0 | H248: 1 | I248: 1 | J248: 1 | K248: 1 | L248: 1 | M248: 1 | N248: =SUM(G248:M248) -> 6 | O248: =IF(AND($A248=Dashboard!$B$3,$B248=Dashboard!$G$3,$D248<>"NO_SERVICE"),ROW(),"")
A249: BOM | B249: VNS | C249: BOM-VNS | D249: INDIGO | E249: 6E6543 | F249: 07:50 | G249: 1 | H249: 1 | I249: 1 | J249: 1 | K249: 1 | L249: 1 | M249: 1 | N249: =SUM(G249:M249) -> 7 | O249: =IF(AND($A249=Dashboard!$B$3,$B249=Dashboard!$G$3,$D249<>"NO_SERVICE"),ROW(),"")
A250: BOM | B250: VNS | C250: BOM-VNS | D250: INDIGO | E250: 6E272 | F250: 17:45 | G250: 1 | H250: 1 | I250: 1 | J250: 1 | K250: 1 | L250: 1 | M250: 1 | N250: =SUM(G250:M250) -> 7 | O250: =IF(AND($A250=Dashboard!$B$3,$B250=Dashboard!$G$3,$D250<>"NO_SERVICE"),ROW(),"")
A251: BOM | B251: VNS | C251: BOM-VNS | D251: AKASA | E251: QP1427 | F251: 13:20 | G251: 1 | H251: 1 | I251: 1 | J251: 1 | K251: 1 | L251: 1 | M251: 1 | N251: =SUM(G251:M251) -> 7 | O251: =IF(AND($A251=Dashboard!$B$3,$B251=Dashboard!$G$3,$D251<>"NO_SERVICE"),ROW(),"")
A252: BOM | B252: VNS | C252: BOM-VNS | D252: AKASA | E252: QP1429 | F252: 17:00 | G252: 1 | H252: 1 | I252: 1 | J252: 1 | K252: 1 | L252: 1 | M252: 1 | N252: =SUM(G252:M252) -> 7 | O252: =IF(AND($A252=Dashboard!$B$3,$B252=Dashboard!$G$3,$D252<>"NO_SERVICE"),ROW(),"")
A253: BOM | B253: VNS | C253: BOM-VNS | D253: AIRINDIA | E253: IX1809 | F253: 07:30 | G253: 1 | H253: 1 | I253: 1 | J253: 1 | K253: 1 | L253: 1 | M253: 1 | N253: =SUM(G253:M253) -> 7 | O253: =IF(AND($A253=Dashboard!$B$3,$B253=Dashboard!$G$3,$D253<>"NO_SERVICE"),ROW(),"")
A254: BOM | B254: VNS | C254: BOM-VNS | D254: AIRINDIA | E254: IX1023 | F254: 16:15 | G254: 1 | H254: 1 | I254: 1 | J254: 1 | K254: 1 | L254: 1 | M254: 1 | N254: =SUM(G254:M254) -> 7 | O254: =IF(AND($A254=Dashboard!$B$3,$B254=Dashboard!$G$3,$D254<>"NO_SERVICE"),ROW(),"")
A255: BOM | B255: IXL | C255: BOM-IXL | D255: INDIGO | E255: 6E802 | F255: 07:35 | G255: 1 | H255: 1 | I255: 1 | J255: 1 | K255: 1 | L255: 1 | M255: 1 | N255: =SUM(G255:M255) -> 7 | O255: =IF(AND($A255=Dashboard!$B$3,$B255=Dashboard!$G$3,$D255<>"NO_SERVICE"),ROW(),"")
A256: BOM | B256: VGA | C256: BOM-VGA | D256: AIRINDIA | E256: AI598 | F256: 15:35 | G256: 1 | H256: 1 | I256: 1 | J256: 1 | K256: 1 | L256: 1 | M256: 1 | N256: =SUM(G256:M256) -> 7 | O256: =IF(AND($A256=Dashboard!$B$3,$B256=Dashboard!$G$3,$D256<>"NO_SERVICE"),ROW(),"")
... A262: CCU | B262: BBI | C262: CCU-BBI | D262: INDIGO | E262: 6E6717 | F262: 18:35 | G262: 1 | H262: 1 | I262: 1 | J262: 1 | K262: 1 | L262: 1 | M262: 1 | N262: =SUM(G262:M262) -> 7 | O262: =IF(AND($A262=Dashboard!$B$3,$B262=Dashboard!$G$3,$D262<>"NO_SERVICE"),ROW(),"")
A263: CCU | B263: CJB | C263: CCU-CJB | D263: NO_SERVICE | G263: 0 | H263: 0 | I263: 0 | J263: 0 | K263: 0 | L263: 0 | M263: 0 | N263: =SUM(G263:M263) -> 0 | O263: =IF(AND($A263=Dashboard!$B$3,$B263=Dashboard!$G$3,$D263<>"NO_SERVICE"),ROW(),"")
A264: CCU | B264: COK | C264: CCU-COK | D264: NO_SERVICE | G264: 0 | H264: 0 | I264: 0 | J264: 0 | K264: 0 | L264: 0 | M264: 0 | N264: =SUM(G264:M264) -> 0 | O264: =IF(AND($A264=Dashboard!$B$3,$B264=Dashboard!$G$3,$D264<>"NO_SERVICE"),ROW(),"")
A265: CCU | B265: GOI | C265: CCU-GOI | D265: INDIGO | E265: 6E634 | F265: 11:50 | G265: 1 | H265: 1 | I265: 1 | J265: 1 | K265: 1 | L265: 1 | M265: 1 | N265: =SUM(G265:M265) -> 7 | O265: =IF(AND($A265=Dashboard!$B$3,$B265=Dashboard!$G$3,$D265<>"NO_SERVICE"),ROW(),"")
...

Sheet OD Pair Summary
A1: OD Pair | B1: Airline | C1: Total Weekly Flights
A2: AMD-BBI | B2: IndiGo | C2: =SUMIFS('Raw Data'!$N$2:$N$1680,'Raw Data'!$C$2:$C$1680,A2,'Raw Data'!$D$2:$D$1680,"INDIGO",'Raw Data'!$E$2:$E$1680,"6E*") -> 5
A3: AMD-CJB | B3: NO_SERVICE | C3: =SUMIFS('Raw Data'!$N$2:$N$1680,'Raw Data'!$C$2:$C$1680,A3,'Raw Data'!$D$2:$D$1680,B3) -> 0
A4: AMD-COK | B4: IndiGo | C4: =SUMIFS('Raw Data'!$N$2:$N$1680,'Raw Data'!$C$2:$C$1680,A4,'Raw Data'!$D$2:$D$1680,"INDIGO",'Raw Data'!$E$2:$E$1680,"6E*") -> 5
A5: AMD-GOI | B5: IndiGo | C5: =SUMIFS('Raw Data'!$N$2:$N$1680,'Raw Data'!$C$2:$C$1680,A5,'Raw Data'!$D$2:$D$1680,"INDIGO",'Raw Data'!$E$2:$E$1680,"6E*") -> 11
A6: AMD-GAU | B6: IndiGo | C6: =SUMIFS('Raw Data'!$N$2:$N$1680,'Raw Data'!$C$2:$C$1680,A6,'Raw Data'!$D$2:$D$1680,"INDIGO",'Raw Data'!$E$2:$E$1680,"6E*") -> 7
A7: AMD-IDR | B7: IndiGo | C7: =SUMIFS('Raw Data'!$N$2:$N$1680,'Raw Data'!$C$2:$C$1680,A7,'Raw Data'!$D$2:$D$1680,"INDIGO",'Raw Data'!$E$2:$E$1680,"6E*") -> 14
A8: AMD-IXB | B8: Akasa Air | C8: =SUMIFS('Raw Data'!$N$2:$N$1680,'Raw Data'!$C$2:$C$1680,A8,'Raw Data'!$D$2:$D$1680,"AKASA",'Raw Data'!$E$2:$E$1680,"QP*") -> 6
A9: AMD-IXM | B9: NO_SERVICE | C9: =SUMIFS('Raw Data'!$N$2:$N$1680,'Raw Data'!$C$2:$C$1680,A9,'Raw Data'!$D$2:$D$1680,B9) -> 0
A10: AMD-IXZ | B10: NO_SERVICE | C10: =SUMIFS('Raw Data'!$N$2:$N$1680,'Raw Data'!$C$2:$C$1680,A10,'Raw Data'!$D$2:$D$1680,B10) -> 0
A11: AMD-JAI | B11: IndiGo | C11: =SUMIFS('Raw Data'!$N$2:$N$1680,'Raw Data'!$C$2:$C$1680,A11,'Raw Data'!$D$2:$D$1680,"INDIGO",'Raw Data'!$E$2:$E$1680,"6E*") -> 21
A12: AMD-LKO | B12: IndiGo | C12: =SUMIFS('Raw Data'!$N$2:$N$1680,'Raw Data'!$C$2:$C$1680,A12,'Raw Data'!$D$2:$D$1680,"INDIGO",'Raw Data'!$E$2:$E$1680,"6E*") -> 10
A13: AMD-NAG | B13: IndiGo | C13: =SUMIFS('Raw Data'!$N$2:$N$1680,'Raw Data'!$C$2:$C$1680,A13,'Raw Data'!$D$2:$D$1680,"INDIGO",'Raw Data'!$E$2:$E$1680,"6E*") -> 14
A14: AMD-PAT | B14: IndiGo | C14: =SUMIFS('Raw Data'!$N$2:$N$1680,'Raw Data'!$C$2:$C$1680,A14,'Raw Data'!$D$2:$D$1680,"INDIGO",'Raw Data'!$E$2:$E$1680,"6E*") -> 7
A15: AMD-IXR | B15: IndiGo | C15: =SUMIFS('Raw Data'!$N$2:$N$1680,'Raw Data'!$C$2:$C$1680,A15,'Raw Data'!$D$2:$D$1680,"INDIGO",'Raw Data'!$E$2:$E$1680,"6E*") -> 7
A16: AMD-RPR | B16: IndiGo | C16: =SUMIFS('Raw Data'!$N$2:$N$1680,'Raw Data'!$C$2:$C$1680,A16,'Raw Data'!$D$2:$D$1680,"INDIGO",'Raw Data'!$E$2:$E$1680,"6E*") -> 7
A17: AMD-IXC | B17: IndiGo | C17: =SUMIFS('Raw Data'!$N$2:$N$1680,'Raw Data'!$C$2:$C$1680,A17,'Raw Data'!$D$2:$D$1680,"INDIGO",'Raw Data'!$E$2:$E$1680,"6E*") -> 7
A18: AMD-UDR | B18: NO_SERVICE | C18: =SUMIFS('Raw Data'!$N$2:$N$1680,'Raw Data'!$C$2:$C$1680,A18,'Raw Data'!$D$2:$D$1680,B18) -> 0
A19: AMD-SXR | B19: IndiGo | C19: =SUMIFS('Raw Data'!$N$2:$N$1680,'Raw Data'!$C$2:$C$1680,A19,'Raw Data'!$D$2:$D$1680,"INDIGO",'Raw Data'!$E$2:$E$1680,"6E*") -> 3
A20: AMD-IXJ | B20: IndiGo | C20: =SUMIFS('Raw Data'!$N$2:$N$1680,'Raw Data'!$C$2:$C$1680,A20,'Raw Data'!$D$2:$D$1680,"INDIGO",'Raw Data'!$E$2:$E$1680,"6E*") -> 7
A21: AMD-TVM | B21: NO_SERVICE | C21: =SUMIFS('Raw Data'!$N$2:$N$1680,'Raw Data'!$C$2:$C$1680,A21,'Raw Data'!$D$2:$D$1680,B21) -> 0
A22: AMD-VTZ | B22: IndiGo | C22: =SUMIFS('Raw Data'!$N$2:$N$1680,'Raw Data'!$C$2:$C$1680,A22,'Raw Data'!$D$2:$D$1680,"INDIGO",'Raw Data'!$E$2:$E$1680,"6E*") -> 7
A23: AMD-IMF | B23: NO_SERVICE | C23: =SUMIFS('Raw Data'!$N$2:$N$1680,'Raw Data'!$C$2:$C$1680,A23,'Raw Data'!$D$2:$D$1680,B23) -> 0
A24: AMD-BHO | B24: IndiGo | C24: =SUMIFS('Raw Data'!$N$2:$N$1680,'Raw Data'!$C$2:$C$1680,A24,'Raw Data'!$D$2:$D$1680,"INDIGO",'Raw Data'!$E$2:$E$1680,"6E*") -> 7
A25: AMD-VNS | B25: IndiGo | C25: =SUMIFS('Raw Data'!$N$2:$N$1680,'Raw Data'!$C$2:$C$1680,A25,'Raw Data'!$D$2:$D$1680,"INDIGO",'Raw Data'!$E$2:$E$1680,"6E*") -> 7
A26: AMD-IXL | B26: NO_SERVICE | C26: =SUMIFS('Raw Data'!$N$2:$N$1680,'Raw Data'!$C$2:$C$1680,A26,'Raw Data'!$D$2:$D$1680,B26) -> 0
A27: AMD-VGA | B27: NO_SERVICE | C27: =SUMIFS('Raw Data'!$N$2:$N$1680,'Raw Data'!$C$2:$C$1680,A27,'Raw Data'!$D$2:$D$1680,B27) -> 0
A28: AMD-TRZ | B28: NO_SERVICE | C28: =SUMIFS('Raw Data'!$N$2:$N$1680,'Raw Data'!$C$2:$C$1680,A28,'Raw Data'!$D$2:$D$1680,B28) -> 0
A29: BLR-BBI | B29: IndiGo | C29: =SUMIFS('Raw Data'!$N$2:$N$1680,'Raw Data'!$C$2:$C$1680,A29,'Raw Data'!$D$2:$D$1680,"INDIGO",'Raw Data'!$E$2:$E$1680,"6E*") -> 17
A30: BLR-BBI | B30: Akasa Air | C30: =SUMIFS('Raw Data'!$N$2:$N$1680,'Raw Data'!$C$2:$C$1680,A30,'Raw Data'!$D$2:$D$1680,"AKASA",'Raw Data'!$E$2:$E$1680,"QP*") -> 7
A31: BLR-BBI | B31: Air India Express | C31: =SUMIFS('Raw Data'!$N$2:$N$1680,'Raw Data'!$C$2:$C$1680,A31,'Raw Data'!$D$2:$D$1680,"AIRINDIA",'Raw Data'!$E$2:$E$1680,"IX*") -> 7
A32: BLR-CJB | B32: IndiGo | C32: =SUMIFS('Raw Data'!$N$2:$N$1680,'Raw Data'!$C$2:$C$1680,A32,'Raw Data'!$D$2:$D$1680,"INDIGO",'Raw Data'!$E$2:$E$1680,"6E*") -> 22
A33: BLR-GOI | B33: IndiGo | C33: =SUMIFS('Raw Data'!$N$2:$N$1680,'Raw Data'!$C$2:$C$1680,A33,'Raw Data'!$D$2:$D$1680,"INDIGO",'Raw Data'!$E$2:$E$1680,"6E*") -> 35
A34: BLR-GOI | B34: Alliance Air | C34: =SUMIFS('Raw Data'!$N$2:$N$1680,'Raw Data'!$C$2:$C$1680,A34,'Raw Data'!$D$2:$D$1680,"ALLIANCE",'Raw Data'!$E$2:$E$1680,"9I*") -> 0
A35: BLR-GOI | B35: Air India Express | C35: =SUMIFS('Raw Data'!$N$2:$N$1680,'Raw Data'!$C$2:$C$1680,A35,'Raw Data'!$D$2:$D$1680,"AIRINDIA",'Raw Data'!$E$2:$E$1680,"IX*") -> 10
A36: BLR-IDR | B36: IndiGo | C36: =SUMIFS('Raw Data'!$N$2:$N$1680,'Raw Data'!$C$2:$C$1680,A36,'Raw Data'!$D$2:$D$1680,"INDIGO",'Raw Data'!$E$2:$E$1680,"6E*") -> 18
A37: BLR-IDR | B37: Air India Express | C37: =SUMIFS('Raw Data'!$N$2:$N$1680,'Raw Data'!$C$2:$C$1680,A37,'Raw Data'!$D$2:$D$1680,"AIRINDIA",'Raw Data'!$E$2:$E$1680,"IX*") -> 7
A38: BLR-IXB | B38: IndiGo | C38: =SUMIFS('Raw Data'!$N$2:$N$1680,'Raw Data'!$C$2:$C$1680,A38,'Raw Data'!$D$2:$D$1680,"INDIGO",'Raw Data'!$E$2:$E$1680,"6E*") -> 4
A39: BLR-IXB | B39: Akasa Air | C39: =SUMIFS('Raw Data'!$N$2:$N$1680,'Raw Data'!$C$2:$C$1680,A39,'Raw Data'!$D$2:$D$1680,"AKASA",'Raw Data'!$E$2:$E$1680,"QP*") -> 4
A40: BLR-IXB | B40: Air India Express | C40: =SUMIFS('Raw Data'!$N$2:$N$1680,'Raw Data'!$C$2:$C$1680,A40,'Raw Data'!$D$2:$D$1680,"AIRINDIA",'Raw Data'!$E$2:$E$1680,"IX*") -> 13
A41: BLR-IXM | B41: IndiGo | C41: =SUMIFS('Raw Data'!$N$2:$N$1680,'Raw Data'!$C$2:$C$1680,A41,'Raw Data'!$D$2:$D$1680,"INDIGO",'Raw Data'!$E$2:$E$1680,"6E*") -> 14
A42: BLR-IXZ | B42: Air India Express | C42: =SUMIFS('Raw Data'!$N$2:$N$1680,'Raw Data'!$C$2:$C$1680,A42,'Raw Data'!$D$2:$D$1680,"AIRINDIA",'Raw Data'!$E$2:$E$1680,"IX*") -> 7
A43: BLR-JAI | B43: IndiGo | C43: =SUMIFS('Raw Data'!$N$2:$N$1680,'Raw Data'!$C$2:$C$1680,A43,'Raw Data'!$D$2:$D$1680,"INDIGO",'Raw Data'!$E$2:$E$1680,"6E*") -> 22
A44: BLR-JAI | B44: Air India Express | C44: =SUMIFS('Raw Data'!$N$2:$N$1680,'Raw Data'!$C$2:$C$1680,A44,'Raw Data'!$D$2:$D$1680,"AIRINDIA",'Raw Data'!$E$2:$E$1680,"IX*") -> 14
A45: BLR-LKO | B45: IndiGo | C45: =SUMIFS('Raw Data'!$N$2:$N$1680,'Raw Data'!$C$2:$C$1680,A45,'Raw Data'!$D$2:$D$1680,"INDIGO",'Raw Data'!$E$2:$E$1680,"6E*") -> 24
A46: BLR-LKO | B46: Air India Express | C46: =SUMIFS('Raw Data'!$N$2:$N$1680,'Raw Data'!$C$2:$C$1680,A46,'Raw Data'!$D$2:$D$1680,"AIRINDIA",'Raw Data'!$E$2:$E$1680,"IX*") -> 12
A47: BLR-NAG | B47: IndiGo | C47: =SUMIFS('Raw Data'!$N$2:$N$1680,'Raw Data'!$C$2:$C$1680,A47,'Raw Data'!$D$2:$D$1680,"INDIGO",'Raw Data'!$E$2:$E$1680,"6E*") -> 14
A48: BLR-NAG | B48: Air India Express | C48: =SUMIFS('Raw Data'!$N$2:$N$1680,'Raw Data'!$C$2:$C$1680,A48,'Raw Data'!$D$2:$D$1680,"AIRINDIA",'Raw Data'!$E$2:$E$1680,"IX*") -> 7
A49: BLR-PAT | B49: IndiGo | C49: =SUMIFS('Raw Data'!$N$2:$N$1680,'Raw Data'!$C$2:$C$1680,A49,'Raw Data'!$D$2:$D$1680,"INDIGO",'Raw Data'!$E$2:$E$1680,"6E*") -> 21
A50: BLR-PAT | B50: Air India Express | C50: =SUMIFS('Raw Data'!$N$2:$N$1680,'Raw Data'!$C$2:$C$1680,A50,'Raw Data'!$D$2:$D$1680,"AIRINDIA",'Raw Data'!$E$2:$E$1680,"IX*") -> 8
A51: BLR-IXR | B51: IndiGo | C51: =SUMIFS('Raw Data'!$N$2:$N$1680,'Raw Data'!$C$2:$C$1680,A51,'Raw Data'!$D$2:$D$1680,"INDIGO",'Raw Data'!$E$2:$E$1680,"6E*") -> 7
A52: BLR-IXR | B52: Air India Express | C52: =SUMIFS('Raw Data'!$N$2:$N$1680,'Raw Data'!$C$2:$C$1680,A52,'Raw Data'!$D$2:$D$1680,"AIRINDIA",'Raw Data'!$E$2:$E$1680,"IX*") -> 21
A53: BLR-RPR | B53: IndiGo | C53: =SUMIFS('Raw Data'!$N$2:$N$1680,'Raw Data'!$C$2:$C$1680,A53,'Raw Data'!$D$2:$D$1680,"INDIGO",'Raw Data'!$E$2:$E$1680,"6E*") -> 14
A54: BLR-IXC | B54: IndiGo | C54: =SUMIFS('Raw Data'!$N$2:$N$1680,'Raw Data'!$C$2:$C$1680,A54,'Raw Data'!$D$2:$D$1680,"INDIGO",'Raw Data'!$E$2:$E$1680,"6E*") -> 18
A55: BLR-IXC | B55: Air India Express | C55: =SUMIFS('Raw Data'!$N$2:$N$1680,'Raw Data'!$C$2:$C$1680,A55,'Raw Data'!$D$2:$D$1680,"AIRINDIA",'Raw Data'!$E$2:$E$1680,"IX*") -> 7
A56: BLR-UDR | B56: IndiGo | C56: =SUMIFS('Raw Data'!$N$2:$N$1680,'Raw Data'!$C$2:$C$1680,A56,'Raw Data'!$D$2:$D$1680,"INDIGO",'Raw Data'!$E$2:$E$1680,"6E*") -> 3
A57: BLR-SXR | B57: IndiGo | C57: =SUMIFS('Raw Data'!$N$2:$N$1680,'Raw Data'!$C$2:$C$1680,A57,'Raw Data'!$D$2:$D$1680,"INDIGO",'Raw Data'!$E$2:$E$1680,"6E*") -> 2
A58: BLR-SXR | B58: Air India Express | C58: =SUMIFS('Raw Data'!$N$2:$N$1680,'Raw Data'!$C$2:$C$1680,A58,'Raw Data'!$D$2:$D$1680,"AIRINDIA",'Raw Data'!$E$2:$E$1680,"IX*") -> 7
A59: BLR-COK | B59: IndiGo | C59: =SUMIFS('Raw Data'!$N$2:$N$1680,'Raw Data'!$C$2:$C$1680,A59,'Raw Data'!$D$2:$D$1680,"INDIGO",'Raw Data'!$E$2:$E$1680,"6E*") -> 52
A60: BLR-COK | B60: Alliance Air | C60: =SUMIFS('Raw Data'!$N$2:$N$1680,'Raw Data'!$C$2:$C$1680,A60,'Raw Data'!$D$2:$D$1680,"ALLIANCE",'Raw Data'!$E$2:$E$1680,"9I*") -> 0
A61: BLR-COK | B61: Air India Express | C61: =SUMIFS('Raw Data'!$N$2:$N$1680,'Raw Data'!$C$2:$C$1680,A61,'Raw Data'!$D$2:$D$1680,"AIRINDIA",'Raw Data'!$E$2:$E$1680,"IX*") -> 28
A62: BLR-IXJ | B62: NO_SERVICE | C62: =SUMIFS('Raw Data'!$N$2:$N$1680,'Raw Data'!$C$2:$C$1680,A62,'Raw Data'!$D$2:$D$1680,B62) -> 0
A63: BLR-TVM | B63: IndiGo | C63: =SUMIFS('Raw Data'!$N$2:$N$1680,'Raw Data'!$C$2:$C$1680,A63,'Raw Data'!$D$2:$D$1680,"INDIGO",'Raw Data'!$E$2:$E$1680,"6E*") -> 22
A64: BLR-TVM | B64: Air India Express | C64: =SUMIFS('Raw Data'!$N$2:$N$1680,'Raw Data'!$C$2:$C$1680,A64,'Raw Data'!$D$2:$D$1680,"AIRINDIA",'Raw Data'!$E$2:$E$1680,"IX*") -> 7
A65: BLR-VTZ | B65: IndiGo | C65: =SUMIFS('Raw Data'!$N$2:$N$1680,'Raw Data'!$C$2:$C$1680,A65,'Raw Data'!$D$2:$D$1680,"INDIGO",'Raw Data'!$E$2:$E$1680,"6E*") -> 14
A66: BLR-VTZ | B66: Air India Express | C66: =SUMIFS('Raw Data'!$N$2:$N$1680,'Raw Data'!$C$2:$C$1680,A66,'Raw Data'!$D$2:$D$1680,"AIRINDIA",'Raw Data'!$E$2:$E$1680,"IX*") -> 14
A67: BLR-IMF | B67: NO_SERVICE | C67: =SUMIFS('Raw Data'!$N$2:$N$1680,'Raw Data'!$C$2:$C$1680,A67,'Raw Data'!$D$2:$D$1680,B67) -> 0
A68: BLR-BHO | B68: IndiGo | C68: =SUMIFS('Raw Data'!$N$2:$N$1680,'Raw Data'!$C$2:$C$1680,A68,'Raw Data'!$D$2:$D$1680,"INDIGO",'Raw Data'!$E$2:$E$1680,"6E*") -> 10
A69: BLR-VNS | B69: IndiGo | C69: =SUMIFS('Raw Data'!$N$2:$N$1680,'Raw Data'!$C$2:$C$1680,A69,'Raw Data'!$D$2:$D$1680,"INDIGO",'Raw Data'!$E$2:$E$1680,"6E*") -> 14
A70: BLR-VNS | B70: Akasa Air | C70: =SUMIFS('Raw Data'!$N$2:$N$1680,'Raw Data'!$C$2:$C$1680,A70,'Raw Data'!$D$2:$D$1680,"AKASA",'Raw Data'!$E$2:$E$1680,"QP*") -> 2
A71: BLR-VNS | B71: Air India Express | C71: =SUMIFS('Raw Data'!$N$2:$N$1680,'Raw Data'!$C$2:$C$1680,A71,'Raw Data'!$D$2:$D$1680,"AIRINDIA",'Raw Data'!$E$2:$E$1680,"IX*") -> 7
A72: BLR-IXL | B72: NO_SERVICE | C72: =SUMIFS('Raw Data'!$N$2:$N$1680,'Raw Data'!$C$2:$C$1680,A72,'Raw Data'!$D$2:$D$1680,B72) -> 0
A73: BLR-VGA | B73: IndiGo | C73: =SUMIFS('Raw Data'!$N$2:$N$1680,'Raw Data'!$C$2:$C$1680,A73,'Raw Data'!$D$2:$D$1680,"INDIGO",'Raw Data'!$E$2:$E$1680,"6E*") -> 21
A74: BLR-VGA | B74: Air India Express | C74: =SUMIFS('Raw Data'!$N$2:$N$1680,'Raw Data'!$C$2:$C$1680,A74,'Raw Data'!$D$2:$D$1680,"AIRINDIA",'Raw Data'!$E$2:$E$1680,"IX*") -> 7
A75: BLR-TRZ | B75: IndiGo | C75: =SUMIFS('Raw Data'!$N$2:$N$1680,'Raw Data'!$C$2:$C$1680,A75,'Raw Data'!$D$2:$D$1680,"INDIGO",'Raw Data'!$E$2:$E$1680,"6E*") -> 18
A76: BLR-TRZ | B76: Air India Express | C76: =SUMIFS('Raw Data'!$N$2:$N$1680,'Raw Data'!$C$2:$C$1680,A76,'Raw Data'!$D$2:$D$1680,"AIRINDIA",'Raw Data'!$E$2:$E$1680,"IX*") -> 5
A77: BOM-BBI | B77: IndiGo | C77: =SUMIFS('Raw Data'!$N$2:$N$1680,'Raw Data'!$C$2:$C$1680,A77,'Raw Data'!$D$2:$D$1680,"INDIGO",'Raw Data'!$E$2:$E$1680,"6E*") -> 21
A78: BOM-BBI | B78: Air India Express | C78: =SUMIFS('Raw Data'!$N$2:$N$1680,'Raw Data'!$C$2:$C$1680,A78,'Raw Data'!$D$2:$D$1680,"AIRINDIA",'Raw Data'!$E$2:$E$1680,"IX*") -> 7
A79: BOM-CJB | B79: IndiGo | C79: =SUMIFS('Raw Data'!$N$2:$N$1680,'Raw Data'!$C$2:$C$1680,A79,'Raw Data'!$D$2:$D$1680,"INDIGO",'Raw Data'!$E$2:$E$1680,"6E*") -> 14
A80: BOM-CJB | B80: Air India | C80: =SUMIFS('Raw Data'!$N$2:$N$1680,'Raw Data'!$C$2:$C$1680,A80,'Raw Data'!$D$2:$D$1680,"AIRINDIA",'Raw Data'!$E$2:$E$1680,"AI*") -> 17
A81: BOM-COK | B81: IndiGo | C81: =SUMIFS('Raw Data'!$N$2:$N$1680,'Raw Data'!$C$2:$C$1680,A81,'Raw Data'!$D$2:$D$1680,"INDIGO",'Raw Data'!$E$2:$E$1680,"6E*") -> 28
A82: BOM-COK | B82: Air India | C82: =SUMIFS('Raw Data'!$N$2:$N$1680,'Raw Data'!$C$2:$C$1680,A82,'Raw Data'!$D$2:$D$1680,"AIRINDIA",'Raw Data'!$E$2:$E$1680,"AI*") -> 21
A83: BOM-COK | B83: Akasa Air | C83: =SUMIFS('Raw Data'!$N$2:$N$1680,'Raw Data'!$C$2:$C$1680,A83,'Raw Data'!$D$2:$D$1680,"AKASA",'Raw Data'!$E$2:$E$1680,"QP*") -> 7
A84: BOM-COK | B84: Air India Express | C84: =SUMIFS('Raw Data'!$N$2:$N$1680,'Raw Data'!$C$2:$C$1680,A84,'Raw Data'!$D$2:$D$1680,"AIRINDIA",'Raw Data'!$E$2:$E$1680,"IX*") -> 20
A85: BOM-GOI | B85: IndiGo | C85: =SUMIFS('Raw Data'!$N$2:$N$1680,'Raw Data'!$C$2:$C$1680,A85,'Raw Data'!$D$2:$D$1680,"INDIGO",'Raw Data'!$E$2:$E$1680,"6E*") -> 35
A86: BOM-GOI | B86: Air India | C86: =SUMIFS('Raw Data'!$N$2:$N$1680,'Raw Data'!$C$2:$C$1680,A86,'Raw Data'!$D$2:$D$1680,"AIRINDIA",'Raw Data'!$E$2:$E$1680,"AI*") -> 29
A87: BOM-GOI | B87: Air India Express | C87: =SUMIFS('Raw Data'!$N$2:$N$1680,'Raw Data'!$C$2:$C$1680,A87,'Raw Data'!$D$2:$D$1680,"AIRINDIA",'Raw Data'!$E$2:$E$1680,"IX*") -> 14
A88: BOM-IDR | B88: IndiGo | C88: =SUMIFS('Raw Data'!$N$2:$N$1680,'Raw Data'!$C$2:$C$1680,A88,'Raw Data'!$D$2:$D$1680,"INDIGO",'Raw Data'!$E$2:$E$1680,"6E*") -> 35
A89: BOM-IDR | B89: Air India | C89: =SUMIFS('Raw Data'!$N$2:$N$1680,'Raw Data'!$C$2:$C$1680,A89,'Raw Data'!$D$2:$D$1680,"AIRINDIA",'Raw Data'!$E$2:$E$1680,"AI*") -> 14
A90: BOM-IXB | B90: IndiGo | C90: =SUMIFS('Raw Data'!$N$2:$N$1680,'Raw Data'!$C$2:$C$1680,A90,'Raw Data'!$D$2:$D$1680,"INDIGO",'Raw Data'!$E$2:$E$1680,"6E*") -> 5
A91: BOM-IXB | B91: Akasa Air | C91: =SUMIFS('Raw Data'!$N$2:$N$1680,'Raw Data'!$C$2:$C$1680,A91,'Raw Data'!$D$2:$D$1680,"AKASA",'Raw Data'!$E$2:$E$1680,"QP*") -> 6
A92: BOM-IXB | B92: Air India Express | C92: =SUMIFS('Raw Data'!$N$2:$N$1680,'Raw Data'!$C$2:$C$1680,A92,'Raw Data'!$D$2:$D$1680,"AIRINDIA",'Raw Data'!$E$2:$E$1680,"IX*") -> 6
A93: BOM-IXM | B93: IndiGo | C93: =SUMIFS('Raw Data'!$N$2:$N$1680,'Raw Data'!$C$2:$C$1680,A93,'Raw Data'!$D$2:$D$1680,"INDIGO",'Raw Data'!$E$2:$E$1680,"6E*") -> 7
A94: BOM-IXZ | B94: IndiGo | C94: =SUMIFS('Raw Data'!$N$2:$N$1680,'Raw Data'!$C$2:$C$1680,A94,'Raw Data'!$D$2:$D$1680,"INDIGO",'Raw Data'!$E$2:$E$1680,"6E*") -> 4
A95: BOM-JAI | B95: IndiGo | C95: =SUMIFS('Raw Data'!$N$2:$N$1680,'Raw Data'!$C$2:$C$1680,A95,'Raw Data'!$D$2:$D$1680,"INDIGO",'Raw Data'!$E$2:$E$1680,"6E*") -> 14
A96: BOM-JAI | B96: Air India | C96: =SUMIFS('Raw Data'!$N$2:$N$1680,'Raw Data'!$C$2:$C$1680,A96,'Raw Data'!$D$2:$D$1680,"AIRINDIA",'Raw Data'!$E$2:$E$1680,"AI*") -> 7
A97: BOM-JAI | B97: Air India Express | C97: =SUMIFS('Raw Data'!$N$2:$N$1680,'Raw Data'!$C$2:$C$1680,A97,'Raw Data'!$D$2:$D$1680,"AIRINDIA",'Raw Data'!$E$2:$E$1680,"IX*") -> 7
A98: BOM-GAU | B98: IndiGo | C98: =SUMIFS('Raw Data'!$N$2:$N$1680,'Raw Data'!$C$2:$C$1680,A98,'Raw Data'!$D$2:$D$1680,"INDIGO",'Raw Data'!$E$2:$E$1680,"6E*") -> 14
A99: BOM-GAU | B99: Akasa Air | C99: =SUMIFS('Raw Data'!$N$2:$N$1680,'Raw Data'!$C$2:$C$1680,A99,'Raw Data'!$D$2:$D$1680,"AKASA",'Raw Data'!$E$2:$E$1680,"QP*") -> 7
A100: BOM-LKO | B100: IndiGo | C100: =SUMIFS('Raw Data'!$N$2:$N$1680,'Raw Data'!$C$2:$C$1680,A100,'Raw Data'!$D$2:$D$1680,"INDIGO",'Raw Data'!$E$2:$E$1680,"6E*") -> 29
...

Sheet Progress
A1: OD Pairs Completed | B1: 272 of 272
A3: Origin | B3: Destination
A4: AMD | B4: BBI
A5: AMD | B5: CJB
A6: AMD | B6: COK
A7: AMD | B7: GOI
A8: AMD | B8: GAU
A9: AMD | B9: IDR
A10: AMD | B10: IXB
A11: AMD | B11: IXM
A12: AMD | B12: IXZ
A13: AMD | B13: JAI
... A275: PNQ | B275: MAA

Sheet Lists
A1: Code | B1: Name | D1: ATC Codes | F1: Destination Codes
A2: AMD | B2: Ahmedabad | D2: AMD | F2: AMD
A3: BLR | B3: Bengaluru | D3: BLR | F3: BLR
A4: BOM | B4: Mumbai | D4: BOM | F4: BOM
A5: CCU | B5: Kolkata | D5: CCU | F5: CCU
A6: DEL | B6: Delhi | D6: DEL | F6: DEL
A7: HYD | B7: Hyderabad | D7: HYD | F7: HYD
A8: MAA | B8: Chennai | D8: MAA | F8: MAA
A9: PNQ | B9: Pune | D9: PNQ | F9: PNQ
A10: BBI | B10: Bhubaneswar | F10: BBI
A11: CJB | B11: Coimbatore | F11: CJB
A12: COK | B12: Kochi | F12: COK
A13: GOI | B13: Goa | F13: GOI
A14: GAU | B14: Guwahati | F14: GAU
A15: IDR | B15: Indore | F15: IDR
A16: IXB | B16: Bagdogra | F16: IXB
A17: IXM | B17: Madurai | F17: IXM
A18: IXZ | B18: Port Blair | F18: IXZ
A19: JAI | B19: Jaipur | F19: JAI
A20: LKO | B20: Lucknow | F20: LKO
A21: NAG | B21: Nagpur | F21: NAG
... A36: TRZ | B36: Tiruchirappalli | F36: TRZ

Sheet Network Surcharges
A1: Airline | B1: Applies To | C1: Station / Route | D1: Rs per kg | E1: Valid From | F1: Valid To | G1: Reason / Source | H1: Active (Y/N) | I1: Dashboard Label | K1: How to use
A2: IndiGo | B2: All | D2: 4 | E2: 46114 | G2: Fuel surcharge, PAN India on chargeable weight (IndiGo footnotes) | H2: Y | I2: Fuel | K2: Surcharges from the tariff NOTES / FOOTNOTES that apply across many routes.
A3: Air India | B3: All | D3: 5 | E3: 46115 | G3: SS surcharge on all domestic shipments (AI Notation 1(iv)) | H3: Y | I3: SS | K3: Route- and flight-specific surcharges are read from the database automatically - don't list them here.
A4: Air India | B4: Origin | C4: BOM | D4: 8 | E4: 46254 | G4: Additional surcharge ex-BOM to India (AI Notation 1(viii)) | H4: Y | I4: Ex-BOM | K4: Airline: IndiGo or Air India (Air India also covers Air India Express / IX flights).
A5: Air India | B5: Destination | C5: BOM | D5: 6 | E5: 46254 | G5: Additional surcharge India to BOM (AI Notation 1(viii)) | H5: Y | I5: To-BOM | K5: Applies To: All | Origin | Destination | Route. Station / Route: e.g. BOM, or DEL-COK for Route.
A6: Air India | B6: Origin | C6: TRV | D6: 2 | E6: 46249 | F6: 46341 | G6: Lotus Flower surcharge ex-TRV (AI Notation 1(vii)) | H6: Y | I6: Lotus | K6: Leave Valid To blank for 'until further notice'. Set Active to N to switch a row off.
A7: Air India | B7: Route | C7: CCU-COK | D7: 5 | E7: 46241 | F7: 46265 | G7: Onam surcharge (AI Notation 1(vi)) | H7: Y | I7: Onam | K7: Dashboard Label: the short name shown in the Dashboard's Surcharge Reason column.
A8: Air India | B8: Route | C8: DEL-COK | D8: 5 | E8: 46241 | F8: 46265 | G8: Onam surcharge (AI Notation 1(vi)) | H8: Y | I8: Onam | K8: After editing, close the workbook and run link_rates.py again.
A9: Air India | B9: Route | C9: JAI-COK | D9: 5 | E9: 46241 | F9: 46265 | G9: Onam surcharge (AI Notation 1(vi)) | H9: Y | I9: Onam
A10: Air India | B10: Route | C10: IXC-COK | D10: 5 | E10: 46241 | F10: 46265 | G10: Onam surcharge (AI Notation 1(vi)) | H10: Y | I10: Onam
A11: Air India | B11: Route | C11: LKO-COK | D11: 5 | E11: 46241 | F11: 46265 | G11: Onam surcharge (AI Notation 1(vi)) | H11: Y | I11: Onam

Sheet Flight Rates
A1: Key | B1: Origin | C1: Destination | D1: Airline | E1: Flight No | F1: Dep Time | G1: Product | H1: Effective Date | I1: Min | J1: N | K1: 45+ | L1: 100+ | M1: 300+ | N1: 500+ | O1: 1000+ | P1: Status | Q1: Tariff Condition | R1: Match Note | S1: Surcharge Rs/kg | T1: Surcharge Reason | U1: Surcharge Summary | W1: Rate info
A2: AMD|BBI|6E6237|17:55 | B2: AMD | C2: BBI | D2: INDIGO | E2: 6E6237 | F2: 17:55 | G2: GCR | H2: 46250 | I2: 1800 | J2: 61 | K2: 49 | L2: 43 | P2: OK | R2: Route rate (all flights) | S2: 4 | T2: Rs 4 Fuel surcharge, PAN India on chargeable weight (IndiGo footnotes) | U2: Fuel ₹4 | W2: Refreshed | X2: 46294.222
A3: AMD|COK|6E6391|10:55 | B3: AMD | C3: COK | D3: INDIGO | E3: 6E6391 | F3: 10:55 | G3: GCR | H3: 46250 | I3: 1800 | J3: 66 | K3: 54 | L3: 47 | P3: OK | R3: Route rate (all flights) | S3: 4 | T3: Rs 4 Fuel surcharge, PAN India on chargeable weight (IndiGo footnotes) | U3: Fuel ₹4 | W3: Rates as of | X3: 46294
A4: AMD|GOI|6E6345|16:15 | B4: AMD | C4: GOI | D4: INDIGO | E4: 6E6345 | F4: 16:15 | G4: GCR | H4: 46250 | I4: 1800 | J4: 64 | K4: 52 | L4: 45 | P4: OK | R4: Route rate (all flights) | S4: 4 | T4: Rs 4 Fuel surcharge, PAN India on chargeable weight (IndiGo footnotes) | U4: Fuel ₹4 | W4: IndiGo effective | X4: 46250
A5: AMD|GOI|6E992|19:30 | B5: AMD | C5: GOI | D5: INDIGO | E5: 6E992 | F5: 19:30 | G5: GCR | H5: 46250 | I5: 1800 | J5: 64 | K5: 52 | L5: 45 | P5: OK | R5: Route rate (all flights) | S5: 4 | T5: Rs 4 Fuel surcharge, PAN India on chargeable weight (IndiGo footnotes) | U5: Fuel ₹4 | W5: IndiGo file | X5: 8.1 6E Eff. 16th Aug 2026.xlsx
A6: AMD|GAU|6E6441|06:05 | B6: AMD | C6: GAU | D6: INDIGO | E6: 6E6441 | F6: 06:05 | G6: GCR | H6: 46250 | I6: 1800 | J6: 79 | P6: OK | R6: Route rate (all flights) | S6: 4 | T6: Rs 4 Fuel surcharge, PAN India on chargeable weight (IndiGo footnotes) | U6: Fuel ₹4 | W6: Air India effective | X6: 46254
A7: AMD|IDR|6E7173|06:55 | B7: AMD | C7: IDR | D7: INDIGO | E7: 6E7173 | F7: 06:55 | G7: GCR | H7: 46250 | I7: 1800 | J7: 64 | K7: 52 | L7: 45 | P7: OK | R7: Route rate (all flights) | S7: 4 | T7: Rs 4 Fuel surcharge, PAN India on chargeable weight (IndiGo footnotes) | U7: Fuel ₹4 | W7: Air India file | X7: 8.3 AI effective 20-Aug-26.xlsx
A8: AMD|IDR|6E7187|20:10 | B8: AMD | C8: IDR | D8: INDIGO | E8: 6E7187 | F8: 20:10 | G8: GCR | H8: 46250 | I8: 1800 | J8: 64 | K8: 52 | L8: 45 | P8: OK | R8: Route rate (all flights) | S8: 4 | T8: Rs 4 Fuel surcharge, PAN India on chargeable weight (IndiGo footnotes) | U8: Fuel ₹4
A9: AMD|IXB|QP1569|11:30 | B9: AMD | C9: IXB | D9: AKASA | E9: QP1569 | F9: 11:30 | P9: NO TARIFF LOADED | R9: This airline's tariff is not loaded in the database
A10: AMD|IXB|QP1903|11:15 | B10: AMD | C10: IXB | D10: AKASA | E10: QP1903 | F10: 11:15 | P10: NO TARIFF LOADED | R10: This airline's tariff is not loaded in the database
A11: AMD|JAI|6E7114|06:15 | B11: AMD | C11: JAI | D11: INDIGO | E11: 6E7114 | F11: 06:15 | G11: GCR | H11: 46250 | I11: 1800 | J11: 64 | K11: 52 | L11: 45 | P11: OK | R11: Route rate (all flights) | S11: 4 | T11: Rs 4 Fuel surcharge, PAN India on chargeable weight (IndiGo footnotes) | U11: Fuel ₹4
A12: AMD|JAI|6E7261|15:40 | B12: AMD | C12: JAI | D12: INDIGO | E12: 6E7261 | F12: 15:40 | G12: GCR | H12: 46250 | I12: 1800 | J12: 64 | K12: 52 | L12: 45 | P12: OK | R12: Route rate (all flights) | S12: 4 | T12: Rs 4 Fuel surcharge, PAN India on chargeable weight (IndiGo footnotes) | U12: Fuel ₹4
A13: AMD|JAI|6E7131|21:05 | B13: AMD | C13: JAI | D13: INDIGO | E13: 6E7131 | F13: 21:05 | G13: GCR | H13: 46250 | I13: 1800 | J13: 64 | K13: 52 | L13: 45 | P13: OK | R13: Route rate (all flights) | S13: 4 | T13: Rs 4 Fuel surcharge, PAN India on chargeable weight (IndiGo footnotes) | U13: Fuel ₹4
A14: AMD|LKO|6E6244|08:15 | B14: AMD | C14: LKO | D14: INDIGO | E14: 6E6244 | F14: 08:15 | G14: GCR | H14: 46250 | I14: 1800 | J14: 64 | K14: 52 | L14: 45 | P14: OK | R14: Route rate (all flights) | S14: 4 | T14: Rs 4 Fuel surcharge, PAN India on chargeable weight (IndiGo footnotes) | U14: Fuel ₹4
A15: AMD|LKO|6E935|14:15 | B15: AMD | C15: LKO | D15: INDIGO | E15: 6E935 | F15: 14:15 | G15: GCR | H15: 46250 | I15: 1800 | J15: 64 | K15: 52 | L15: 45 | P15: OK | R15: Route rate (all flights) | S15: 4 | T15: Rs 4 Fuel surcharge, PAN India on chargeable weight (IndiGo footnotes) | U15: Fuel ₹4
A16: AMD|NAG|6E7247|05:40 | B16: AMD | C16: NAG | D16: INDIGO | E16: 6E7247 | F16: 05:40 | G16: GCR | H16: 46250 | I16: 1800 | J16: 60 | K16: 48 | L16: 41 | P16: OK | R16: Route rate (all flights) | S16: 4 | T16: Rs 4 Fuel surcharge, PAN India on chargeable weight (IndiGo footnotes) | U16: Fuel ₹4
A17: AMD|NAG|6E7502|18:55 | B17: AMD | C17: NAG | D17: INDIGO | E17: 6E7502 | F17: 18:55 | G17: GCR | H17: 46250 | I17: 1800 | J17: 60 | K17: 48 | L17: 41 | P17: OK | R17: Route rate (all flights) | S17: 4 | T17: Rs 4 Fuel surcharge, PAN India on chargeable weight (IndiGo footnotes) | U17: Fuel ₹4
A18: AMD|PAT|6E921|10:40 | B18: AMD | C18: PAT | D18: INDIGO | E18: 6E921 | F18: 10:40 | G18: GCR | H18: 46250 | I18: 1800 | J18: 65 | K18: 53 | L18: 46 | P18: OK | R18: Route rate (all flights) | S18: 4 | T18: Rs 4 Fuel surcharge, PAN India on chargeable weight (IndiGo footnotes) | U18: Fuel ₹4
A19: AMD|PAT|6E2524|18:30 | B19: AMD | C19: PAT | D19: INDIGO | E19: 6E2524 | F19: 18:30 | G19: GCR | H19: 46250 | I19: 1800 | J19: 65 | K19: 53 | L19: 46 | P19: OK | R19: Route rate (all flights) | S19: 4 | T19: Rs 4 Fuel surcharge, PAN India on chargeable weight (IndiGo footnotes) | U19: Fuel ₹4
A20: AMD|IXR|6E6493|11:10 | B20: AMD | C20: IXR | D20: INDIGO | E20: 6E6493 | F20: 11:10 | G20: GCR | H20: 46250 | I20: 1800 | J20: 68 | K20: 54 | L20: 47 | P20: OK | R20: Route rate (all flights) | S20: 9 | T20: Rs 5 IndiGo sector surcharge; Rs 4 Fuel surcharge, PAN India on chargeable weight (IndiGo footnotes) | U20: Sector ₹5 + Fuel ₹4
A21: AMD|RPR|6E261|11:30 | B21: AMD | C21: RPR | D21: INDIGO | E21: 6E261 | F21: 11:30 | G21: GCR | H21: 46250 | I21: 1800 | J21: 64 | K21: 52 | L21: 45 | P21: OK | R21: Route rate (all flights) | S21: 4 | T21: Rs 4 Fuel surcharge, PAN India on chargeable weight (IndiGo footnotes) | U21: Fuel ₹4
A22: AMD|IXC|6E6375|07:40 | B22: AMD | C22: IXC | D22: INDIGO | E22: 6E6375 | F22: 07:40 | G22: GCR | H22: 46250 | I22: 1800 | J22: 68 | K22: 54 | L22: 47 | P22: OK | R22: Route rate (all flights) | S22: 4 | T22: Rs 4 Fuel surcharge, PAN India on chargeable weight (IndiGo footnotes) | U22: Fuel ₹4
... A28: AMD|VNS|6E6805|14:45 | B28: AMD | C28: VNS | D28: INDIGO | E28: 6E6805 | F28: 14:45 | G28: GCR | H28: 46250 | I28: 1800 | J28: 68 | K28: 54 | L28: 47 | P28: OK | R28: Route rate (all flights) | S28: 4 | T28: Rs 4 Fuel surcharge, PAN India on chargeable weight (IndiGo footnotes) | U28: Fuel ₹4
A29: BLR|BBI|6E702|07:30 | B29: BLR | C29: BBI | D29: INDIGO | E29: 6E702 | F29: 07:30 | G29: GCR | H29: 46250 | I29: 1800 | J29: 71 | K29: 56 | L29: 45 | M29: 42 | P29: OK | R29: Route rate (all flights) | S29: 4 | T29: Rs 4 Fuel surcharge, PAN India on chargeable weight (IndiGo footnotes) | U29: Fuel ₹4
A30: BLR|BBI|6E6535|11:40 | B30: BLR | C30: BBI | D30: INDIGO | E30: 6E6535 | F30: 11:40 | G30: GCR | H30: 46250 | I30: 1800 | J30: 71 | K30: 56 | L30: 45 | M30: 42 | P30: OK | R30: Route rate (all flights) | S30: 4 | T30: Rs 4 Fuel surcharge, PAN India on chargeable weight (IndiGo footnotes) | U30: Fuel ₹4
A31: BLR|BBI|6E411|20:05 | B31: BLR | C31: BBI | D31: INDIGO | E31: 6E411 | F31: 20:05 | G31: GCR | H31: 46250 | I31: 1800 | J31: 71 | K31: 56 | L31: 45 | M31: 42 | P31: OK | R31: Route rate (all flights) | S31: 4 | T31: Rs 4 Fuel surcharge, PAN India on chargeable weight (IndiGo footnotes) | U31: Fuel ₹4
A32: BLR|BBI|QP1503|13:35 | B32: BLR | C32: BBI | D32: AKASA | E32: QP1503 | F32: 13:35 | P32: NO TARIFF LOADED | R32: This airline's tariff is not loaded in the database
A33: BLR|BBI|IX1536|15:00 | B33: BLR | C33: BBI | D33: AIRINDIA | E33: IX1536 | F33: 15:00 | G33: GCR | H33: 46254 | I33: 1500 | J33: 80 | K33: 50 | L33: 30 | P33: OK | R33: Route rate (all flights) | S33: 5 | T33: Rs 5 SS surcharge on all domestic shipments (AI Notation 1(iv)) | U33: SS ₹5
A34: BLR|CJB|6E857|07:05 | B34: BLR | C34: CJB | D34: INDIGO | E34: 6E857 | F34: 07:05 | G34: GCR | H34: 46250 | I34: 1800 | J34: 45 | K34: 36 | L34: 25 | M34: 13 | P34: OK | R34: Route rate (all flights) | S34: 4 | T34: Rs 4 Fuel surcharge, PAN India on chargeable weight (IndiGo footnotes) | U34: Fuel ₹4
A35: BLR|CJB|6E6542|13:10 | B35: BLR | C35: CJB | D35: INDIGO | E35: 6E6542 | F35: 13:10 | G35: GCR | H35: 46250 | I35: 1800 | J35: 45 | K35: 36 | L35: 25 | M35: 13 | P35: OK | R35: Route rate (all flights) | S35: 4 | T35: Rs 4 Fuel surcharge, PAN India on chargeable weight (IndiGo footnotes) | U35: Fuel ₹4
A36: BLR|CJB|6E602|14:40 | B36: BLR | C36: CJB | D36: INDIGO | E36: 6E602 | F36: 14:40 | G36: GCR | H36: 46250 | I36: 1800 | J36: 45 | K36: 36 | L36: 25 | M36: 13 | P36: OK | R36: Route rate (all flights) | S36: 4 | T36: Rs 4 Fuel surcharge, PAN India on chargeable weight (IndiGo footnotes) | U36: Fuel ₹4
A37: BLR|CJB|6E6875|19:55 | B37: BLR | C37: CJB | D37: INDIGO | E37: 6E6875 | F37: 19:55 | G37: GCR | H37: 46250 | I37: 1800 | J37: 45 | K37: 36 | L37: 25 | M37: 13 | P37: OK | R37: Route rate (all flights) | S37: 4 | T37: Rs 4 Fuel surcharge, PAN India on chargeable weight (IndiGo footnotes) | U37: Fuel ₹4
A38: BLR|GOI|6E194|06:05 | B38: BLR | C38: GOI | D38: INDIGO | E38: 6E194 | F38: 06:05 | G38: GCR | H38: 46250 | I38: 1800 | J38: 48 | K38: 30 | L38: 25 | M38: 18 | P38: OK | R38: Route rate (all flights) | S38: 4 | T38: Rs 4 Fuel surcharge, PAN India on chargeable weight (IndiGo footnotes) | U38: Fuel ₹4
A39: BLR|GOI|6E6653|12:35 | B39: BLR | C39: GOI | D39: INDIGO | E39: 6E6653 | F39: 12:35 | G39: GCR | H39: 46250 | I39: 1800 | J39: 48 | K39: 30 | L39: 25 | M39: 18 | P39: OK | R39: Route rate (all flights) | S39: 4 | T39: Rs 4 Fuel surcharge, PAN India on chargeable weight (IndiGo footnotes) | U39: Fuel ₹4
A40: BLR|GOI|6E6753|15:15 | B40: BLR | C40: GOI | D40: INDIGO | E40: 6E6753 | F40: 15:15 | G40: GCR | H40: 46250 | I40: 1800 | J40: 48 | K40: 30 | L40: 25 | M40: 18 | P40: OK | R40: Route rate (all flights) | S40: 4 | T40: Rs 4 Fuel surcharge, PAN India on chargeable weight (IndiGo footnotes) | U40: Fuel ₹4
A41: BLR|GOI|6E6168|17:40 | B41: BLR | C41: GOI | D41: INDIGO | E41: 6E6168 | F41: 17:40 | G41: GCR | H41: 46250 | I41: 1800 | J41: 48 | K41: 30 | L41: 25 | M41: 18 | P41: OK | R41: Route rate (all flights) | S41: 4 | T41: Rs 4 Fuel surcharge, PAN India on chargeable weight (IndiGo footnotes) | U41: Fuel ₹4
A42: BLR|GOI|6E6554|19:15 | B42: BLR | C42: GOI | D42: INDIGO | E42: 6E6554 | F42: 19:15 | G42: GCR | H42: 46250 | I42: 1800 | J42: 48 | K42: 30 | L42: 25 | M42: 18 | P42: OK | R42: Route rate (all flights) | S42: 4 | T42: Rs 4 Fuel surcharge, PAN India on chargeable weight (IndiGo footnotes) | U42: Fuel ₹4
A43: BLR|GOI|IX1386|13:05 | B43: BLR | C43: GOI | D43: AIRINDIA | E43: IX1386 | F43: 13:05 | G43: GCR | H43: 46254 | I43: 1500 | J43: 57 | K43: 51 | L43: 14 | M43: 10 | P43: OK | R43: Route rate (all flights) | S43: 5 | T43: Rs 5 SS surcharge on all domestic shipments (AI Notation 1(iv)) | U43: SS ₹5
A44: BLR|GOI|IX1539|17:20 | B44: BLR | C44: GOI | D44: AIRINDIA | E44: IX1539 | F44: 17:20 | G44: GCR | H44: 46254 | I44: 1500 | J44: 57 | K44: 51 | L44: 14 | M44: 10 | P44: OK | R44: Route rate (all flights) | S44: 5 | T44: Rs 5 SS surcharge on all domestic shipments (AI Notation 1(iv)) | U44: SS ₹5
A45: BLR|IDR|6E959|07:30 | B45: BLR | C45: IDR | D45: INDIGO | E45: 6E959 | F45: 07:30 | G45: GCR | H45: 46250 | I45: 1800 | J45: 76 | K45: 62 | L45: 46 | M45: 42 | P45: OK | R45: Route rate (all flights) | S45: 4 | T45: Rs 4 Fuel surcharge, PAN India on chargeable weight (IndiGo footnotes) | U45: Fuel ₹4
... A49: BLR|IXB|6E443|08:15 | B49: BLR | C49: IXB | D49: INDIGO | E49: 6E443 | F49: 08:15 | G49: GCR | H49: 46250 | I49: 1800 | J49: 64 | K49: 45 | L49: 20 | M49: 17 | P49: OK | R49: Route rate (all flights) | S49: 4 | T49: Rs 4 Fuel surcharge, PAN India on chargeable weight (IndiGo footnotes) | U49: Fuel ₹4
A50: BLR|IXB|QP1850|05:30 | B50: BLR | C50: IXB | D50: AKASA | E50: QP1850 | F50: 05:30 | P50: NO TARIFF LOADED | R50: This airline's tariff is not loaded in the database
A51: BLR|IXB|IX2461|05:50 | B51: BLR | C51: IXB | D51: AIRINDIA | E51: IX2461 | F51: 05:50 | G51: GCR | H51: 46254 | I51: 1500 | J51: 58 | K51: 41 | L51: 18 | M51: 15 | P51: OK | R51: Route rate (all flights) | S51: 5 | T51: Rs 5 SS surcharge on all domestic shipments (AI Notation 1(iv)) | U51: SS ₹5
A52: BLR|IXB|IX2892|09:10 | B52: BLR | C52: IXB | D52: AIRINDIA | E52: IX2892 | F52: 09:10 | G52: GCR | H52: 46254 | I52: 1500 | J52: 58 | K52: 41 | L52: 18 | M52: 15 | P52: OK | R52: Route rate (all flights) | S52: 5 | T52: Rs 5 SS surcharge on all domestic shipments (AI Notation 1(iv)) | U52: SS ₹5
A53: BLR|IXB|IX1495|13:30 | B53: BLR | C53: IXB | D53: AIRINDIA | E53: IX1495 | F53: 13:30 | G53: GCR | H53: 46254 | I53: 1500 | J53: 58 | K53: 41 | L53: 18 | M53: 15 | P53: OK | R53: Route rate (all flights) | S53: 5 | T53: Rs 5 SS surcharge on all domestic shipments (AI Notation 1(iv)) | U53: SS ₹5
A54: BLR|IXM|6E6170|07:55 | B54: BLR | C54: IXM | D54: INDIGO | E54: 6E6170 | F54: 07:55 | G54: GCR | H54: 46250 | I54: 1800 | J54: 40 | K54: 32 | L54: 28 | M54: 13 | P54: OK | R54: Route rate (all flights) | S54: 4 | T54: Rs 4 Fuel surcharge, PAN India on chargeable weight (IndiGo footnotes) | U54: Fuel ₹4
A55: BLR|IXM|6E6051|10:25 | B55: BLR | C55: IXM | D55: INDIGO | E55: 6E6051 | F55: 10:25 | G55: GCR | H55: 46250 | I55: 1800 | J55: 40 | K55: 32 | L55: 28 | M55: 13 | P55: OK | R55: Route rate (all flights) | S55: 4 | T55: Rs 4 Fuel surcharge, PAN India on chargeable weight (IndiGo footnotes) | U55: Fuel ₹4
A56: BLR|IXM|6E6585|20:10 | B56: BLR | C56: IXM | D56: INDIGO | E56: 6E6585 | F56: 20:10 | G56: GCR | H56: 46250 | I56: 1800 | J56: 40 | K56: 32 | L56: 28 | M56: 13 | P56: OK | R56: Route rate (all flights) | S56: 4 | T56: Rs 4 Fuel surcharge, PAN India on chargeable weight (IndiGo footnotes) | U56: Fuel ₹4
A57: BLR|IXZ|IX2648|12:00 | B57: BLR | C57: IXZ | D57: AIRINDIA | E57: IX2648 | F57: 12:00 | G57: GCR | H57: 46254 | I57: 1500 | J57: 120 | K57: 84 | L57: 45 | M57: 42 | P57: OK | R57: Route rate (all flights) | S57: 15 | T57: Rs 10 Air India sector surcharge; Rs 5 SS surcharge on all domestic shipments (AI Notation 1(iv)) | U57: Sector ₹10 + SS ₹5
A58: BLR|JAI|6E6353|07:10 | B58: BLR | C58: JAI | D58: INDIGO | E58: 6E6353 | F58: 07:10 | G58: GCR | H58: 46250 | I58: 1800 | J58: 54 | K58: 43 | L58: 31 | M58: 27 | P58: OK | R58: Route rate (all flights) | S58: 4 | T58: Rs 4 Fuel surcharge, PAN India on chargeable weight (IndiGo footnotes) | U58: Fuel ₹4
A59: BLR|JAI|6E415|09:35 | B59: BLR | C59: JAI | D59: INDIGO | E59: 6E415 | F59: 09:35 | G59: GCR | H59: 46250 | I59: 1800 | J59: 54 | K59: 43 | L59: 31 | M59: 27 | P59: OK | R59: Route rate (all flights) | S59: 4 | T59: Rs 4 Fuel surcharge, PAN India on chargeable weight (IndiGo footnotes) | U59: Fuel ₹4
A60: BLR|JAI|6E469|16:00 | B60: BLR | C60: JAI | D60: INDIGO | E60: 6E469 | F60: 16:00 | G60: GCR | H60: 46250 | I60: 1800 | J60: 54 | K60: 43 | L60: 31 | M60: 27 | P60: OK | R60: Route rate (all flights) | S60: 4 | T60: Rs 4 Fuel surcharge, PAN India on chargeable weight (IndiGo footnotes) | U60: Fuel ₹4
A61: BLR|JAI|6E6141|18:20 | B61: BLR | C61: JAI | D61: INDIGO | E61: 6E6141 | F61: 18:20 | G61: GCR | H61: 46250 | I61: 1800 | J61: 54 | K61: 43 | L61: 31 | M61: 27 | P61: OK | R61: Route rate (all flights) | S61: 4 | T61: Rs 4 Fuel surcharge, PAN India on chargeable weight (IndiGo footnotes) | U61: Fuel ₹4
A62: BLR|JAI|IX1526|10:05 | B62: BLR | C62: JAI | D62: AIRINDIA | E62: IX1526 | F62: 10:05 | G62: GCR | H62: 46254 | I62: 1500 | J62: 68 | K62: 45 | L62: 26 | P62: OK | R62: Route rate (all flights) | S62: 5 | T62: Rs 5 SS surcharge on all domestic shipments (AI Notation 1(iv)) | U62: SS ₹5
A63: BLR|JAI|IX1494|16:55 | B63: BLR | C63: JAI | D63: AIRINDIA | E63: IX1494 | F63: 16:55 | G63: GCR | H63: 46254 | I63: 1500 | J63: 68 | K63: 45 | L63: 26 | P63: OK | R63: Route rate (all flights) | S63: 5 | T63: Rs 5 SS surcharge on all domestic shipments (AI Notation 1(iv)) | U63: SS ₹5
A64: BLR|LKO|6E6353|07:10 | B64: BLR | C64: LKO | D64: INDIGO | E64: 6E6353 | F64: 07:10 | G64: GCR | H64: 46250 | I64: 1800 | J64: 72 | K64: 54 | L64: 37 | M64: 33 | P64: OK | R64: Route rate (all flights) | S64: 4 | T64: Rs 4 Fuel surcharge, PAN India on chargeable weight (IndiGo footnotes) | U64: Fuel ₹4
A65: BLR|LKO|6E503|10:00 | B65: BLR | C65: LKO | D65: INDIGO | E65: 6E503 | F65: 10:00 | G65: GCR | H65: 46250 | I65: 1800 | J65: 72 | K65: 54 | L65: 37 | M65: 33 | P65: OK | R65: Route rate (all flights) | S65: 4 | T65: Rs 4 Fuel surcharge, PAN India on chargeable weight (IndiGo footnotes) | U65: Fuel ₹4
A66: BLR|LKO|6E451|16:20 | B66: BLR | C66: LKO | D66: INDIGO | E66: 6E451 | F66: 16:20 | G66: GCR | H66: 46250 | I66: 1800 | J66: 72 | K66: 54 | L66: 37 | M66: 33 | P66: OK | R66: Route rate (all flights) | S66: 4 | T66: Rs 4 Fuel surcharge, PAN India on chargeable weight (IndiGo footnotes) | U66: Fuel ₹4
A67: BLR|LKO|6E903|19:10 | B67: BLR | C67: LKO | D67: INDIGO | E67: 6E903 | F67: 19:10 | G67: GCR | H67: 46250 | I67: 1800 | J67: 72 | K67: 54 | L67: 37 | M67: 33 | P67: OK | R67: Route rate (all flights) | S67: 4 | T67: Rs 4 Fuel surcharge, PAN India on chargeable weight (IndiGo footnotes) | U67: Fuel ₹4
A68: BLR|LKO|IX1217|06:15 | B68: BLR | C68: LKO | D68: AIRINDIA | E68: IX1217 | F68: 06:15 | G68: GCR | H68: 46254 | I68: 1500 | J68: 78 | K68: 53 | L68: 40 | M68: 35 | P68: OK | R68: Route rate (all flights) | S68: 5 | T68: Rs 5 SS surcharge on all domestic shipments (AI Notation 1(iv)) | U68: SS ₹5
A69: BLR|LKO|IX1405|11:45 | B69: BLR | C69: LKO | D69: AIRINDIA | E69: IX1405 | F69: 11:45 | G69: GCR | H69: 46254 | I69: 1500 | J69: 78 | K69: 53 | L69: 40 | M69: 35 | P69: OK | R69: Route rate (all flights) | S69: 5 | T69: Rs 5 SS surcharge on all domestic shipments (AI Notation 1(iv)) | U69: SS ₹5
A70: BLR|LKO|IX1480|11:50 | B70: BLR | C70: LKO | D70: AIRINDIA | E70: IX1480 | F70: 11:50 | G70: GCR | H70: 46254 | I70: 1500 | J70: 78 | K70: 53 | L70: 40 | M70: 35 | P70: OK | R70: Route rate (all flights) | S70: 5 | T70: Rs 5 SS surcharge on all domestic shipments (AI Notation 1(iv)) | U70: SS ₹5
A71: BLR|NAG|6E6863|08:20 | B71: BLR | C71: NAG | D71: INDIGO | E71: 6E6863 | F71: 08:20 | G71: GCR | H71: 46250 | I71: 1800 | J71: 65 | K71: 52 | L71: 41 | P71: OK | R71: Route rate (all flights) | S71: 4 | T71: Rs 4 Fuel surcharge, PAN India on chargeable weight (IndiGo footnotes) | U71: Fuel ₹4
A72: BLR|NAG|6E6891|17:15 | B72: BLR | C72: NAG | D72: INDIGO | E72: 6E6891 | F72: 17:15 | G72: GCR | H72: 46250 | I72: 1800 | J72: 65 | K72: 52 | L72: 41 | P72: OK | R72: Route rate (all flights) | S72: 4 | T72: Rs 4 Fuel surcharge, PAN India on chargeable weight (IndiGo footnotes) | U72: Fuel ₹4
A73: BLR|NAG|IX1543|18:40 | B73: BLR | C73: NAG | D73: AIRINDIA | E73: IX1543 | F73: 18:40 | G73: GCR | H73: 46254 | I73: 1500 | J73: 86 | K73: 69 | L73: 40 | M73: 37 | N73: 35 | P73: OK | R73: Route rate (all flights) | S73: 5 | T73: Rs 5 SS surcharge on all domestic shipments (AI Notation 1(iv)) | U73: SS ₹5
A74: BLR|PAT|6E6801|08:25 | B74: BLR | C74: PAT | D74: INDIGO | E74: 6E6801 | F74: 08:25 | G74: GCR | H74: 46250 | I74: 1800 | J74: 64 | K74: 51 | L74: 40 | P74: OK | R74: Route rate (all flights) | S74: 4 | T74: Rs 4 Fuel surcharge, PAN India on chargeable weight (IndiGo footnotes) | U74: Fuel ₹4
A75: BLR|PAT|6E6277|14:45 | B75: BLR | C75: PAT | D75: INDIGO | E75: 6E6277 | F75: 14:45 | G75: GCR | H75: 46250 | I75: 1800 | J75: 64 | K75: 51 | L75: 40 | P75: OK | R75: Route rate (all flights) | S75: 4 | T75: Rs 4 Fuel surcharge, PAN India on chargeable weight (IndiGo footnotes) | U75: Fuel ₹4
A76: BLR|PAT|6E6451|16:45 | B76: BLR | C76: PAT | D76: INDIGO | E76: 6E6451 | F76: 16:45 | G76: GCR | H76: 46250 | I76: 1800 | J76: 64 | K76: 51 | L76: 40 | P76: OK | R76: Route rate (all flights) | S76: 4 | T76: Rs 4 Fuel surcharge, PAN India on chargeable weight (IndiGo footnotes) | U76: Fuel ₹4
A77: BLR|PAT|IX2816|09:50 | B77: BLR | C77: PAT | D77: AIRINDIA | E77: IX2816 | F77: 09:50 | G77: GCR | H77: 46254 | I77: 1500 | J77: 68 | K77: 40 | L77: 30 | P77: OK | R77: Route rate (all flights) | S77: 5 | T77: Rs 5 SS surcharge on all domestic shipments (AI Notation 1(iv)) | U77: SS ₹5
A78: BLR|PAT|IX1576|18:55 | B78: BLR | C78: PAT | D78: AIRINDIA | E78: IX1576 | F78: 18:55 | G78: GCR | H78: 46254 | I78: 1500 | J78: 68 | K78: 40 | L78: 30 | P78: OK | R78: Route rate (all flights) | S78: 5 | T78: Rs 5 SS surcharge on all domestic shipments (AI Notation 1(iv)) | U78: SS ₹5
A79: BLR|IXR|6E221|17:45 | B79: BLR | C79: IXR | D79: INDIGO | E79: 6E221 | F79: 17:45 | G79: GCR | H79: 46250 | I79: 1800 | J79: 76 | K79: 62 | L79: 46 | M79: 43 | P79: OK | R79: Route rate (all flights) | S79: 4 | T79: Rs 4 Fuel surcharge, PAN India on chargeable weight (IndiGo footnotes) | U79: Fuel ₹4
A80: BLR|IXR|IX1239|06:35 | B80: BLR | C80: IXR | D80: AIRINDIA | E80: IX1239 | F80: 06:35 | G80: GCR | H80: 46254 | I80: 1500 | J80: 68 | K80: 56 | L80: 41 | M80: 39 | P80: OK | R80: Route rate (all flights) | S80: 5 | T80: Rs 5 SS surcharge on all domestic shipments (AI Notation 1(iv)) | U80: SS ₹5
A81: BLR|IXR|IX2786|09:20 | B81: BLR | C81: IXR | D81: AIRINDIA | E81: IX2786 | F81: 09:20 | G81: GCR | H81: 46254 | I81: 1500 | J81: 68 | K81: 56 | L81: 41 | M81: 39 | P81: OK | R81: Route rate (all flights) | S81: 5 | T81: Rs 5 SS surcharge on all domestic shipments (AI Notation 1(iv)) | U81: SS ₹5
A82: BLR|IXR|IX2053|16:50 | B82: BLR | C82: IXR | D82: AIRINDIA | E82: IX2053 | F82: 16:50 | G82: GCR | H82: 46254 | I82: 1500 | J82: 68 | K82: 56 | L82: 41 | M82: 39 | P82: OK | R82: Route rate (all flights) | S82: 5 | T82: Rs 5 SS surcharge on all domestic shipments (AI Notation 1(iv)) | U82: SS ₹5
A83: BLR|RPR|6E405|07:40 | B83: BLR | C83: RPR | D83: INDIGO | E83: 6E405 | F83: 07:40 | G83: GCR | H83: 46250 | I83: 1800 | J83: 53 | K83: 42 | L83: 36 | P83: OK | R83: Route rate (all flights) | S83: 4 | T83: Rs 4 Fuel surcharge, PAN India on chargeable weight (IndiGo footnotes) | U83: Fuel ₹4
A84: BLR|RPR|6E978|17:30 | B84: BLR | C84: RPR | D84: INDIGO | E84: 6E978 | F84: 17:30 | G84: GCR | H84: 46250 | I84: 1800 | J84: 53 | K84: 42 | L84: 36 | P84: OK | R84: Route rate (all flights) | S84: 4 | T84: Rs 4 Fuel surcharge, PAN India on chargeable weight (IndiGo footnotes) | U84: Fuel ₹4
A85: BLR|IXC|6E6633|04:40 | B85: BLR | C85: IXC | D85: INDIGO | E85: 6E6633 | F85: 04:40 | G85: GCR | H85: 46250 | I85: 1800 | J85: 60 | K85: 50 | L85: 36 | M85: 31 | P85: OK | R85: Route rate (all flights) | S85: 4 | T85: Rs 4 Fuel surcharge, PAN India on chargeable weight (IndiGo footnotes) | U85: Fuel ₹4
A86: BLR|IXC|6E851|16:20 | B86: BLR | C86: IXC | D86: INDIGO | E86: 6E851 | F86: 16:20 | G86: GCR | H86: 46250 | I86: 1800 | J86: 60 | K86: 50 | L86: 36 | M86: 31 | P86: OK | R86: Route rate (all flights) | S86: 4 | T86: Rs 4 Fuel surcharge, PAN India on chargeable weight (IndiGo footnotes) | U86: Fuel ₹4
A87: BLR|IXC|6E6385|20:30 | B87: BLR | C87: IXC | D87: INDIGO | E87: 6E6385 | F87: 20:30 | G87: GCR | H87: 46250 | I87: 1800 | J87: 60 | K87: 50 | L87: 36 | M87: 31 | P87: OK | R87: Route rate (all flights) | S87: 4 | T87: Rs 4 Fuel surcharge, PAN India on chargeable weight (IndiGo footnotes) | U87: Fuel ₹4
A88: BLR|IXC|IX1089|21:05 | B88: BLR | C88: IXC | D88: AIRINDIA | E88: IX1089 | F88: 21:05 | G88: GCR | H88: 46254 | I88: 1500 | J88: 57 | K88: 40 | L88: 23 | P88: OK | R88: Route rate (all flights) | S88: 5 | T88: Rs 5 SS surcharge on all domestic shipments (AI Notation 1(iv)) | U88: SS ₹5
A89: BLR|UDR|6E687|06:45 | B89: BLR | C89: UDR | D89: INDIGO | E89: 6E687 | F89: 06:45 | G89: GCR | H89: 46250 | I89: 1800 | J89: 64 | K89: 51 | L89: 44 | P89: OK | R89: Route rate (all flights) | S89: 4 | T89: Rs 4 Fuel surcharge, PAN India on chargeable weight (IndiGo footnotes) | U89: Fuel ₹4
A90: BLR|SXR|6E6947|07:10 | B90: BLR | C90: SXR | D90: INDIGO | E90: 6E6947 | F90: 07:10 | G90: GCR | H90: 46250 | I90: 1800 | J90: 95 | K90: 76 | L90: 65 | P90: OK | R90: Route rate (all flights) | S90: 4 | T90: Rs 4 Fuel surcharge, PAN India on chargeable weight (IndiGo footnotes) | U90: Fuel ₹4
A91: BLR|SXR|IX1385|10:55 | B91: BLR | C91: SXR | D91: AIRINDIA | E91: IX1385 | F91: 10:55 | G91: GCR | H91: 46254 | I91: 1500 | J91: 110 | K91: 88 | L91: 69 | P91: OK | R91: Route rate (all flights) | S91: 5 | T91: Rs 5 SS surcharge on all domestic shipments (AI Notation 1(iv)) | U91: SS ₹5
A92: BLR|COK|6E6702|05:20 | B92: BLR | C92: COK | D92: INDIGO | E92: 6E6702 | F92: 05:20 | G92: GCR | H92: 46250 | I92: 1800 | J92: 45 | K92: 36 | L92: 25 | M92: 13 | P92: OK | R92: Route rate (all flights) | S92: 4 | T92: Rs 4 Fuel surcharge, PAN India on chargeable weight (IndiGo footnotes) | U92: Fuel ₹4
A93: BLR|COK|6E763|07:05 | B93: BLR | C93: COK | D93: INDIGO | E93: 6E763 | F93: 07:05 | G93: GCR | H93: 46250 | I93: 1800 | J93: 45 | K93: 36 | L93: 25 | M93: 13 | P93: OK | R93: Route rate (all flights) | S93: 4 | T93: Rs 4 Fuel surcharge, PAN India on chargeable weight (IndiGo footnotes) | U93: Fuel ₹4
A94: BLR|COK|6E7005|08:05 | B94: BLR | C94: COK | D94: INDIGO | E94: 6E7005 | F94: 08:05 | G94: GCR | H94: 46250 | I94: 1800 | J94: 45 | K94: 36 | L94: 25 | M94: 13 | P94: OK | R94: Route rate (all flights) | S94: 4 | T94: Rs 4 Fuel surcharge, PAN India on chargeable weight (IndiGo footnotes) | U94: Fuel ₹4
A95: BLR|COK|6E6445|10:25 | B95: BLR | C95: COK | D95: INDIGO | E95: 6E6445 | F95: 10:25 | G95: GCR | H95: 46250 | I95: 1800 | J95: 45 | K95: 36 | L95: 25 | M95: 13 | P95: OK | R95: Route rate (all flights) | S95: 4 | T95: Rs 4 Fuel surcharge, PAN India on chargeable weight (IndiGo footnotes) | U95: Fuel ₹4
A96: BLR|COK|6E6104|11:40 | B96: BLR | C96: COK | D96: INDIGO | E96: 6E6104 | F96: 11:40 | G96: GCR | H96: 46250 | I96: 1800 | J96: 45 | K96: 36 | L96: 25 | M96: 13 | P96: OK | R96: Route rate (all flights) | S96: 4 | T96: Rs 4 Fuel surcharge, PAN India on chargeable weight (IndiGo footnotes) | U96: Fuel ₹4
A97: BLR|COK|6E703|12:55 | B97: BLR | C97: COK | D97: INDIGO | E97: 6E703 | F97: 12:55 | G97: GCR | H97: 46250 | I97: 1800 | J97: 45 | K97: 36 | L97: 25 | M97: 13 | P97: OK | R97: Route rate (all flights) | S97: 4 | T97: Rs 4 Fuel surcharge, PAN India on chargeable weight (IndiGo footnotes) | U97: Fuel ₹4
A98: BLR|COK|6E602|14:25 | B98: BLR | C98: COK | D98: INDIGO | E98: 6E602 | F98: 14:25 | G98: GCR | H98: 46250 | I98: 1800 | J98: 45 | K98: 36 | L98: 25 | M98: 13 | P98: OK | R98: Route rate (all flights) | S98: 4 | T98: Rs 4 Fuel surcharge, PAN India on chargeable weight (IndiGo footnotes) | U98: Fuel ₹4
A99: BLR|COK|6E2138|15:50 | B99: BLR | C99: COK | D99: INDIGO | E99: 6E2138 | F99: 15:50 | G99: GCR | H99: 46250 | I99: 1800 | J99: 45 | K99: 36 | L99: 25 | M99: 13 | P99: OK | R99: Route rate (all flights) | S99: 4 | T99: Rs 4 Fuel surcharge, PAN India on chargeable weight (IndiGo footnotes) | U99: Fuel ₹4
A100: BLR|COK|6E144|18:00 | B100: BLR | C100: COK | D100: INDIGO | E100: 6E144 | F100: 18:00 | G100: GCR | H100: 46250 | I100: 1800 | J100: 45 | K100: 36 | L100: 25 | M100: 13 | P100: OK | R100: Route rate (all flights) | S100: 4 | T100: Rs 4 Fuel surcharge, PAN India on chargeable weight (IndiGo footnotes) | U100: Fuel ₹4
A101: BLR|COK|6E435|20:25 | B101: BLR | C101: COK | D101: INDIGO | E101: 6E435 | F101: 20:25 | G101: GCR | H101: 46250 | I101: 1800 | J101: 45 | K101: 36 | L101: 25 | M101: 13 | P101: OK | R101: Route rate (all flights) | S101: 4 | T101: Rs 4 Fuel surcharge, PAN India on chargeable weight (IndiGo footnotes) | U101: Fuel ₹4
A102: BLR|COK|IX2678|05:30 | B102: BLR | C102: COK | D102: AIRINDIA | E102: IX2678 | F102: 05:30 | G102: GCR | H102: 46254 | I102: 1500 | J102: 49 | K102: 41 | L102: 14 | M102: 10 | P102: OK | R102: Route rate (all flights) | S102: 5 | T102: Rs 5 SS surcharge on all domestic shipments (AI Notation 1(iv)) | U102: SS ₹5
A103: BLR|COK|IX1893|08:40 | B103: BLR | C103: COK | D103: AIRINDIA | E103: IX1893 | F103: 08:40 | G103: GCR | H103: 46254 | I103: 1500 | J103: 49 | K103: 41 | L103: 14 | M103: 10 | P103: OK | R103: Route rate (all flights) | S103: 5 | T103: Rs 5 SS surcharge on all domestic shipments (AI Notation 1(iv)) | U103: SS ₹5
... A116: BLR|VTZ|IX2063|20:35 | B116: BLR | C116: VTZ | D116: AIRINDIA | E116: IX2063 | F116: 20:35 | G116: GCR | H116: 46254 | I116: 1500 | J116: 57 | K116: 23 | L116: 18 | M116: 15 | P116: OK | R116: Route rate (all flights) | S116: 5 | T116: Rs 5 SS surcharge on all domestic shipments (AI Notation 1(iv)) | U116: SS ₹5
A117: BLR|BHO|6E368|06:10 | B117: BLR | C117: BHO | D117: INDIGO | E117: 6E368 | F117: 06:10 | G117: GCR | H117: 46250 | I117: 1800 | J117: 76 | K117: 62 | L117: 54 | P117: OK | R117: Route rate (all flights) | S117: 4 | T117: Rs 4 Fuel surcharge, PAN India on chargeable weight (IndiGo footnotes) | U117: Fuel ₹4
A118: BLR|BHO|6E6465|17:15 | B118: BLR | C118: BHO | D118: INDIGO | E118: 6E6465 | F118: 17:15 | G118: GCR | H118: 46250 | I118: 1800 | J118: 76 | K118: 62 | L118: 54 | P118: OK | R118: Route rate (all flights) | S118: 4 | T118: Rs 4 Fuel surcharge, PAN India on chargeable weight (IndiGo footnotes) | U118: Fuel ₹4
A119: BLR|VNS|6E6558|09:05 | B119: BLR | C119: VNS | D119: INDIGO | E119: 6E6558 | F119: 09:05 | G119: GCR | H119: 46250 | I119: 1800 | J119: 57 | K119: 46 | L119: 41 | P119: OK | R119: Route rate (all flights) | S119: 4 | T119: Rs 4 Fuel surcharge, PAN India on chargeable weight (IndiGo footnotes) | U119: Fuel ₹4
A120: BLR|VNS|6E738|18:00 | B120: BLR | C120: VNS | D120: INDIGO | E120: 6E738 | F120: 18:00 | G120: GCR | H120: 46250 | I120: 1800 | J120: 57 | K120: 46 | L120: 41 | P120: OK | R120: Route rate (all flights) | S120: 4 | T120: Rs 4 Fuel surcharge, PAN India on chargeable weight (IndiGo footnotes) | U120: Fuel ₹4
...

Sheet Rate Exceptions
A1: Origin | B1: Destination | C1: Airline | D1: Flight No | E1: Dep Time | F1: Status | G1: Note | H1: Tariff Condition
A2: AMD | B2: DEL | C2: INDIGO | D2: 6E396 | E2: 0 | F2: CHECK | G2: Departure time '0' in schedule is not a valid time - can't pick the time-based rate | H2: For All Flights departed between 01:01 TO 06:30 HRS
